Compound,210322_Blk_Blank1_A,210322_Blk_Blank1_B,210322_Blk_Blank1_C,210322_Blk_Blank2_A,210322_Blk_Blank2_B,210322_Blk_Blank2_C,210322_Blk_Blank3_A,210322_Blk_Blank3_B,210322_Blk_Blank3_C,210322_Blk_Blank4_A,210322_Blk_Blank4_B,210322_Blk_Blank4_C,210322_Blk_Blank5_A,210322_Blk_Blank5_B,210322_Blk_Blank5_C,210322_Smp_Aloha_A,210322_Smp_Aloha_B,210322_Smp_Aloha_C,210322_Smp_LW_A,210322_Smp_LW_B,210322_Smp_LW_C,210322_Smp_NP_A,210322_Smp_NP_B,210322_Smp_NP_C,210322_Smp_PS_A,210322_Smp_PS_B,210322_Smp_PS_C,210322_Blk_Blank6_A,210322_Blk_Blank6_B,210322_Blk_Blank6_C,210322_Blk_Blank7_A,210322_Blk_Blank7_B,210322_Blk_Blank7_C,210322_Smp_C_1mL_NS_A,210322_Smp_C_1mL_NS_B,210322_Smp_C_1mL_NS_C,210322_Smp_C_1mL_SAf_A,210322_Smp_C_1mL_SAf_B,210322_Smp_C_1mL_SAf_C,210322_Smp_C_1mL_SBe_A,210322_Smp_C_1mL_SBe_B,210322_Smp_C_1mL_SBe_C,210322_Blk_PPL_Blank_A,210322_Blk_PPL_Blank_B,210322_Blk_PPL_Blank_C,210322_Smp_PPL_Aloha_A,210322_Smp_PPL_Aloha_B,210322_Smp_PPL_Aloha_C,210322_Smp_PPL_PS_A,210322_Smp_PPL_PS_B,210322_Smp_PPL_PS_C,210322_Poo_TruePoo_Full1,210322_Poo_TruePoo_Full2,210322_Poo_TruePoo_Full3,210322_Poo_TruePoo_Half1,210322_Poo_TruePoo_Half2,210322_Poo_TruePoo_Half3,210322_Std_4uMStdsMix1InH2O_1,210322_Std_4uMStdsMix1InH2O_2,210322_Std_4uMStdsMix1InMatrix_1,210322_Std_4uMStdsMix1InMatrix_2,210322_Std_4uMStdsMix2InH2O_1,210322_Std_4uMStdsMix2InH2O_2,210322_Std_4uMStdsMix2InMatrix_1,210322_Std_4uMStdsMix2InMatrix_2,210322_Std_H2OInMatrix_1,210322_Std_H2OInMatrix_2
Acetyl-L-carnitine_Pos,79161,90199,34842,12830,29460,44520,38340,47213,18434,43084,5314,56497,76382,50106,27136,1846661,1421521,1535400,193103,43330,56154,147809,73048,77010,56903,43656,350717,292822,61621,217498,103283,362189,380401,158179,996321,216617,1475869056,1524323584,1536865280,11539864,12631536,26058028,108900,383988,211692,2203895,1712943,2448135,290479,258816,72856,108401456,109626384,107246568,50780888,56931908,53302304,2507900672,2700589056,2470935296,2730703616,1087256,1112423,60475880,57799616,54937304,61698340
Adenine_Pos,2141478,3922799,2206681,1591407,1607938,1529376,270160,1014269,8987701,1790041,2415318,2470391,1910920,2115050,5827449,3203404,2703762,3416961,5628096,10064902,14409293,1718641,2404382,4007826,3322294,3939329,4319706,776971,645822,682271,78490768,117048984,236661488,800739,1880424,1897409,683476992,762431488,820042048,655805440,739880384,592290432,1304269,1354927,1008995,4264655,3439271,3244930,5266834,2792140,6696522,85083600,107481920,119312504,41956028,53880264,58826268,1018679360,1239655168,1170981760,1486819200,74796552,121602640,125891792,225363152,48901424,68498776
Adenosine_Pos,0,0,0,0,0,13643,6858,6200,0,0,14111,0,459883,758740,994501,6873,14512,0,2593345,5758907,7721479,0,24512,0,143937,144733,183440,101695,96375,221970,17635660,21772100,32587900,355438,1060404,1045860,491952704,539341824,532864672,85397456,89610128,75210096,7065,15664,0,495741,362296,430668,1536212,1632199,1963162,30794498,40842684,52404300,14670981,20301484,26310112,0,0,17996128,26861730,677542848,966487232,679550656,1199261184,17849224,30643976
Adenosyl Homocysteine_Pos,0,0,0,5817,0,0,5515,0,0,0,5125,0,6868,0,0,0,6578,0,0,0,0,0,0,0,0,0,0,6057,6310,0,281163,255043,758902,0,6294,0,105691584,112354440,111748424,5677910,2939984,3045661,0,0,0,0,0,5938,10116,0,0,4809249,6041074,6958098,2274897,2686891,4035061,151310736,220126512,144874768,229595216,6676,6057,3792542,5167861,2935077,4314152
Adenosyl Methionine_Pos,12851,33292,5842,3388,7198,0,11335,5389,0,0,0,0,0,0,0,12868,6728,0,0,0,0,3465,11846,0,0,0,0,0,0,0,129344,28173,14139,0,0,0,10951826,15910008,25914822,0,6399,0,0,0,0,39755,31066,37931,15431,14060,20008,731725,560443,616097,229274,100598,170852,46239104,65895272,45635656,69834752,1410020,2233174,2388580,3434512,46583,290427
Alanine_Pos,979805,1092964,1107780,1095333,1606922,1560987,768230,738899,1120212,788392,1766616,2632900,1000172,1345724,635802,6661625,7622351,5201822,3278618,4587132,3867082,996464,1388259,1114945,2996167,2643994,3450498,789356,674468,904586,2093475,1631874,1489836,532308,1044047,893694,17677018,18178308,17334138,20673116,19340138,20818904,140304,41794,215279,269910,243877,34109,52154,69258,173449,3515416,4323269,4509759,1697000,2183217,2477717,28092634,32436192,29064036,36001344,296161,664164,2520978,3020163,2463762,2658429
Aminobutyric Acid_Pos,825317,1161658,625463,1782787,2491530,2547883,622862,392297,746985,4231729,3496571,1766880,299527,473568,534139,2820989,2501809,1580003,1617879,2480565,1698478,448061,1580506,2364413,3532757,1241891,1363832,1226404,749237,555248,1087418,745017,1329225,752691,336311,733135,33365946,34530948,33338066,62929196,61889976,64841460,499573,4697495,452385,473526,152383,635243,1220611,617235,493760,6490190,7668336,8416868,2892768,4657021,5284301,128395864,150046112,129118704,148975136,881992,337954,4380820,4703946,2970009,6541197
Arginine_Pos,1670358,1455404,1619413,1273874,1566251,819244,857751,780568,1070585,407991,1118629,1003391,675248,1093647,902359,1191979,1163881,1377136,592366,1344482,1101238,923591,795745,1068736,1623166,1202671,1342282,608759,845599,892973,4243499,8227959,7954676,919604,986006,842046,66127192,69891632,72688704,12124467,12094449,9343441,250059,634140,725968,1048219,1530020,1041118,901291,804532,858203,7501959,7561426,5905970,3972697,4228096,3232823,144551200,144355952,149919600,147132448,2660161,1995202,5820843,5099918,5528348,3762610
Argininosuccinic Acid_Pos,0,0,0,0,0,0,0,3616,3837,0,0,0,0,0,0,0,0,0,0,0,0,0,0,0,0,0,0,0,0,0,0,0,48978,0,0,0,9970346,10790625,11026793,5969373,6071923,5803651,0,0,0,0,0,0,0,0,0,980169,963085,775673,415029,416158,358144,24997004,20210950,25534832,19877888,12846,12119,661052,435768,497898,375546
Asparagine_Pos,365073,89926,117074,95987,427088,455330,91480,125970,41673,362020,317338,553847,193342,160407,78913,1534536,1298875,1567162,671059,1101355,817514,88113,175908,153409,296835,456746,464472,139340,88035,147410,517730,180226,259197,108279,209476,220599,16773177,16495150,15913840,14510414,14581215,14821705,157621,129351,145736,367545,265793,243278,123208,239727,140290,2007435,2067369,2825227,941541,1046857,1237035,27949846,33916604,27151140,36649316,544132,83017,1363178,2264432,1478245,1860200
Aspartic acid_Pos,521337,554168,818093,756283,689051,428269,88630,477891,646089,633838,606298,681371,602097,761735,183204,1220802,1575528,1105729,757223,1532888,1236328,549794,709779,328427,869742,918007,2293642,607551,570696,647795,806696,992455,988628,611549,718031,458098,7243084,7135493,7577279,7567884,7727752,7573383,407590,403262,156996,286212,754399,495874,610150,459090,224350,1685533,1862695,1858950,981967,1026010,1012548,10981950,12913423,11480885,13832685,195278,417051,1113525,1139275,1267715,977928
Betaine_Pos,19121960,15606481,31832778,12206930,24829350,15458595,5337723,7101798,9887331,14463184,83557808,20013936,4079938,6019548,6551031,168642864,159114960,158657904,5865045,23405618,25090880,93646776,153009424,134932880,240724512,298542240,260596160,7520747,5372531,10058647,22620222,20139350,15069284,20550884,31640282,30879802,1863968640,1813946112,1764809856,2010504960,2220710656,2011908864,4201703,491959,3708716,1202298,1555813,2206309,2856433,1063463,2482566,312345440,326642240,323218016,147456992,167290880,158838880,2786830080,3147760640,2828352768,3312874496,646900,764436,178480064,178768480,156331152,185690032
Butyryl-L-carnitine_Pos,82419,140693,28728,28435,37292,76605,8088,NA,17991,99509,62348,172562,26506,41366,66091,105512,74213,114107,19926,72800,20479,20648,7541,27088,72943,27872,24975,157608,145783,175857,1836970,4510683,16412569,148039,167783,97862,3459796736,3641564160,3789998592,512229632,601726400,596121792,42446,55057,48117,268020,261877,38633,309516,54024,145752,280837952,290113152,275269056,131895640,146164464,137949104,6293191168,6923817984,6398061568,6904410112,214534,263858,162328320,163490864,142474400,161991216
Carnitine_Pos,124860,578369,410032,639559,284878,676271,277878,150094,51018,155391,961455,193099,122994,547362,116622,8280793,7836088,7469360,1856920,4744607,4616431,1318565,2456527,1882880,5410541,7324034,5824863,145345,78081,549085,3270015,8039682,29683152,3584519,5764026,5563849,442828832,443142848,449160704,1983443456,2419459328,1867534464,75696,338796,188554,256169,270435,328456,440570,412784,722092,165516176,184250448,178450160,78935856,91161120,86853576,588265856,693406464,682841088,777374016,96377352,146540176,200593616,254504128,83391152,99484168
Chitobiose_Pos,199232,139326,155008,94008,51211,99768,104397,75105,284798,53101,143201,208748,40855,284786,196829,678123,250732,57146,325450,183484,307977,59539,127561,140261,157964,169516,96721,235117,222732,170320,120117,94600,44649,50463,250539,333222,27859442,26971256,27521034,279458,146601,83030,216641,196214,168598,209418,69804,339704,44086,19528,171664,2212287,1908900,1588248,663957,558603,618501,483554,342882,1461582,614805,32957150,47730656,33959812,49641036,972014,764507
Choline_Pos,139058,91294,29814,172920,100698,111231,90234,62177,109516,89132,61452,146152,122935,38850,66064,122873,68179,35375,288831,176212,168877,189859,67115,22261,168981,133288,40754,454466,576034,333150,804629,602583,534010,635891,414615,282389,630722432,752711744,724486464,408655,621555,389331,983427,644054,1016731,733223,549484,1013750,708975,971444,485812,52414976,53916608,44653104,23741144,27434598,23085600,1018215616,1111666688,1057933760,1137566976,190080192,170924960,187150976,200304416,24499760,26518984
Citrulline_Pos,697059,411875,762914,552948,789315,730774,747633,641475,388788,848978,1302227,1136061,564212,1756950,732135,1734631,1770007,1227448,1297546,2267208,1712631,302378,1009980,677295,934310,850552,993029,1191629,522374,823996,1509960,1458780,1194990,506440,1202012,1237030,35817344,36279384,35080788,23567496,22315732,24390974,48756,333391,810142,712287,428152,666986,281002,365984,458217,3784052,4416774,4519307,1726144,2100537,2435720,58306656,65875928,62307988,68723904,155493,312166,2524380,2903758,2581205,2826009
Creatine_Pos,254382,209395,277776,335106,422737,290852,288691,290505,279918,234418,604756,491588,201046,301192,193792,7159522,7173212,6542656,2324571,4868025,4807911,2294376,3724844,3511658,1340584,1582383,1616444,218287,195926,330992,771516,1266286,610379,141460,220162,290560,378665696,382449216,374048512,222128960,233833136,220562656,5016,105262,148412,265561,140691,416448,235778,107251,250149,34698584,38948372,38879852,17264480,19280730,19491704,576528512,641842304,584109952,686585344,166975,71355,22069356,24628316,18493130,22416626
Cys-Gly_Pos,NA,NA,NA,NA,NA,NA,NA,NA,NA,NA,NA,NA,NA,NA,NA,NA,NA,NA,NA,NA,NA,NA,NA,NA,NA,NA,NA,NA,NA,NA,NA,NA,NA,NA,NA,NA,NA,NA,NA,NA,NA,NA,NA,NA,NA,NA,NA,NA,NA,NA,NA,NA,NA,NA,NA,NA,NA,NA,6636,NA,NA,NA,NA,NA,NA,NA,NA
Cys-Gly oxidized_Pos,0,0,0,0,0,0,0,0,0,0,0,0,0,0,0,0,0,0,0,0,0,0,0,0,0,0,0,0,0,0,0,0,0,0,0,0,20340464,22376500,22662616,441159,21483,48321,0,0,0,0,0,0,0,4696,0,975628,1073227,1328937,455362,533192,606403,33717068,50402964,37548928,60988588,5776,0,619199,886791,487149,729172
Cystathionine_Pos,0,897,0,0,0,0,0,0,0,0,0,0,0,0,0,0,0,0,0,0,0,0,0,0,3048,0,0,0,0,0,2951,0,0,0,0,0,12898552,14308350,13607216,1894545,691219,1087635,0,0,0,0,0,0,0,0,0,751831,779089,755205,286275,318075,312699,0,0,516935,621534,18516760,27305496,19529394,29607568,241283,403981
Cystine_Pos,91857,15255,41240,125248,19248,78387,20050,17937,20547,4304,3987,5495,3157,3634,3495,37889,42460,13271,11345,16204,9063,28801,8710,14503,9710,11674,17761,21995,24195,9526,8177,0,3562,23070,58386,36499,8304303,8183090,8670119,3608873,1300820,2723834,26824,0,0,13749,3773,8113,0,0,3934,611485,578078,640631,470325,322687,301975,12927057,16533315,11817111,17336604,401958,484786,500392,843410,581786,316636
Cytidine_Pos,0,0,0,0,0,0,0,0,0,0,0,0,0,0,0,73153,60620,11642,125861,354809,576592,0,0,0,85503,112531,99235,0,0,0,243129,444855,1483577,10240,156382,159028,61989528,67037408,61570868,20005606,21073402,19539206,0,0,0,82718,80357,113810,133211,105860,97492,4903335,6179693,7596302,2334273,3012806,3551397,0,0,2919599,3717918,93648064,127707528,94334232,124773872,3330899,4058165
Cytosine_Pos,248359,189286,31184,106031,222364,401872,111740,119806,178502,218684,301563,365293,136900,198826,148920,611542,450496,767444,1380874,2467779,2726913,636450,1597657,2199661,2010231,3032781,2685437,175604,206534,164519,328408,2255307,2235356,171440,455630,425407,354114752,383118080,385554528,158356288,175584528,153595744,596763,477653,256901,301879,167085,270897,1101215,417127,854795,34161904,37098428,40495920,16223185,19140490,21058770,123941,80716,19365422,22794712,604954688,703731648,586745920,714999168,18990768,24167874
Dimethyl Glycine_Pos,1031834,3435635,1500974,775809,1992969,3021014,1007940,1060642,7074500,6327716,1645758,1439808,879797,2269860,680481,833436,622402,1545955,715903,3579419,660630,1772043,1909730,3757434,2598075,3380000,2533248,5357819,872427,284742,116227,448227,1669795,105197,230100,775157,143884832,158001600,144206576,119688032,120279872,122076488,3933704,9545254,8673195,1139629,6102931,3564719,145314,297350,3210809,18896194,21512932,44626676,10338123,13360031,28434290,254620720,300265312,268454784,336204064,2915716,1698550,12000836,28434444,12468105,32024278
DMSP_Pos,0,0,0,0,0,0,0,0,0,5276,5395,0,0,0,0,54319452,48742296,53409188,136515,201091,260472,77732000,121033104,106582616,31982692,38867632,32170416,0,0,0,11295,482142,74382,1974821,3005276,3392503,691290688,698100544,696508544,451566848,511952032,463139104,0,0,0,218217,86132,235076,57552,75956,77941,87004648,93645096,92354936,41446176,46600664,43770420,41010,62089,46768364,50771208,925084608,1224765824,1014749184,1265644544,44970248,51997252
Ectoine_Pos,471586,391464,395112,256520,729589,912311,192030,61672,382941,271194,2087344,999235,286762,521126,86216,1726388,1703042,1499734,136869,427991,169305,1350933,1552985,1255619,428614,514530,434091,378427,682268,903217,1042398,4685134,2005400,64650,825489,158541,3412316672,3424476416,3410148352,1843720960,2067945728,1879344256,84239,530127,518779,1134855,168892,87535,539720,181866,64353,361907392,395718880,372017376,180638928,190843840,196534912,1294038,2656902,204383808,208442864,4686640128,5446740992,4847093760,5734124544,191286384,231644336
Glucosamine_Pos,48737,32842,30760,24331,20296,32743,127549,13030,159402,203335,36930,77967,325586,0,40646,412298,278155,92444,138221,252310,227447,91412,134847,184364,137998,135392,356875,125760,108035,173890,12917,60434,84964,5098,92126,55848,36813784,38448716,36760768,22345302,22058828,22093786,71563,59184,89195,47413,57999,228486,164419,34296,165570,3245073,3880306,4382288,1507134,1917143,2337417,54005976,68209768,51614736,68417160,231108,257920,2265703,3150958,1851289,2424075
Glucosylglycerol_Pos,NA,NA,NA,NA,37042,NA,NA,NA,21339,NA,78866,NA,NA,15752,62421,7166,11920,NA,6912,9362,21272,NA,NA,NA,NA,NA,NA,0,0,13383,0,0,0,0,0,0,3846632,3752712,3744492,0,0,0,0,0,0,0,0,7738,0,0,5917,140079,195608,232661,22954,62684,80399,0,0,118589,52560,4692824,6666583,4805541,6875069,58835,108655
Glutamic acid_Pos,960586,799947,756002,966834,847833,819571,266569,453943,448362,926191,1032265,1032661,866497,339873,564156,7099055,6139858,6177467,1974720,2580623,2798850,1723338,1525339,2117577,2687035,2623406,2700405,69486,481974,1447943,1702124,1572328,1223700,368888,936353,1010890,19914920,19769502,18804378,14020769,14204477,14638780,357236,112633,390795,514338,1341201,539473,489288,461590,526118,3838775,4605317,4769160,2052132,2635087,2428249,30020700,36295520,30368094,37897552,891614,176262,2826962,2580027,2704031,2929853
Glutamine_Pos,22690,12892,52961,28375,204778,55056,84252,77225,72865,74964,103182,188887,22726,87053,69121,4664820,3957024,3984704,957213,1740269,1586444,396339,929214,549558,2465370,2654058,2657606,448569,130718,132681,529856,713981,773747,267073,598536,276648,65821480,66993232,62021156,84398296,85072816,82878904,250058,250150,238587,223054,281649,297397,45362,216874,236172,8359966,9490607,9930846,4300864,4600155,5213103,125083168,136489312,120947128,145619216,68191,159966,5616456,7083615,4987774,6129415
Glutathione_Pos,NA,NA,NA,NA,NA,NA,4619,NA,NA,NA,NA,NA,NA,NA,NA,NA,NA,NA,NA,NA,NA,NA,NA,NA,NA,NA,NA,0,0,0,0,0,0,0,0,0,9532174,10102784,9102566,0,7600,0,0,0,0,0,0,0,0,0,0,18987,3879,0,0,0,3882,11318637,21512672,13692306,21593456,242934,998447,616491,1393356,0,4724
Glutathione Disulfide_Pos,NA,NA,NA,NA,NA,NA,NA,NA,NA,NA,NA,NA,NA,NA,NA,NA,NA,NA,NA,NA,NA,NA,NA,NA,NA,NA,NA,0,0,0,4288,0,0,0,0,0,6887482,7195219,6810030,4044,0,0,0,0,0,0,0,0,0,0,0,349223,324308,320075,149561,177086,121519,177284,159724,492596,522654,10607717,12320551,10465766,12012823,149860,182826
Glycerophosphocholine_Pos,NA,NA,12334,5303,4984,50512,9520,11730,6757,6354,5505,52500,61558,NA,5877,103757,6318,98907,NA,NA,18371,49333,19543,15846,130633,146326,145614,9312,4313,29138,31182,30456,43749,15077,10203,5344,95807792,95574912,90886608,7550545,7314336,5767046,12312,8521,0,35367,21448,15095,14923,5748,45047,3839667,4148025,4309581,1868749,2008930,2078465,183947728,154428960,181629648,182452880,0,4653,2569181,3219304,2000342,2482371
Glycine_Pos,984176,1054882,880594,742878,948517,917675,500115,631783,652811,459256,930095,1589399,548226,759088,376806,2461828,2742858,2556642,1658341,2177383,1805070,631709,1145603,1087810,1755319,1796219,2733933,576008,442279,555033,616967,649505,635911,309827,419158,430765,2529644,2519856,2568922,2809537,2970911,3671413,90658,155060,90804,149932,81981,91116,127533,20363,49467,972569,1247456,1211013,511695,742192,679202,3214409,3936273,3813073,4481629,236888,84002,627601,956780,648432,894076
Guanine_Pos,913039,831105,747029,396652,476448,594670,140469,245540,636405,182592,398264,601329,315781,364504,443990,1650340,1293859,1343652,1542631,3493522,3442889,439792,861325,1183677,2235955,1936792,1819257,178933,35977,61480,1262862,2433177,8363542,29112,274479,176311,89966416,93522808,95096656,63962952,64959040,65983736,131367,164982,218929,676170,530929,618616,1561120,1184482,1841612,11983776,11143410,13359208,5459543,5509404,6823698,155651,49362,6087314,7306798,137929216,168979360,133346320,167417360,6029974,7694726
Guanosine_Pos,65656,176091,112628,8376,31203,0,0,0,0,0,0,0,0,0,0,0,0,0,37211,92308,142167,NA,0,0,146000,89323,8069,0,0,0,285410,516543,1418374,0,0,0,48582396,46195400,46543084,7242472,8158795,7593677,0,0,0,0,22174,8999,215020,172341,247225,3961846,4962825,3668973,2108948,2103683,1940766,0,0,1908941,2195965,82300408,90657968,84229744,97181488,2305087,2223886
Histidine_Pos,561844,532461,1321036,1182740,1682728,2112487,745079,1287926,666878,962824,3514802,4637628,256255,2261192,272475,4423476,2685565,3977024,6507065,6724905,6024395,1919653,966560,1896408,2276499,1709292,6079395,2169586,1597501,3971543,6760117,6790502,5495371,183728,3770353,4569387,176058256,199701456,192898832,110355496,96979992,107487504,2172890,808943,887159,1002067,3014851,1112933,2326551,2132067,2449645,18764884,19081874,19381272,5505065,10188342,9725330,315027424,427367296,316895392,451051744,2750256,2867181,13978772,18879288,8435982,12541942
Homarine_Pos,37351,382770,28719,23029,105752,713520,69105,68466,110404,40763,210287,26843,120392,60345,75077,103556496,93229776,95537488,3846864,6430063,6903652,23262468,36700512,30110544,52072052,67072392,55494532,55377,38624,50560,52223,78279,14256,100517,58540,78916,74305248,73066888,72175448,39725328,43277088,40589260,61976,39087,110145,6062874,5169631,6306368,3203487,1646866,2422138,19075900,20541524,19895636,9156538,10539717,9964961,1635,266299,10789721,11999442,100588480,124796408,115145856,137604272,10656785,11998904
Homocysteine Thiolactone_Pos,NA,NA,NA,NA,NA,NA,NA,NA,NA,NA,NA,NA,NA,NA,NA,NA,NA,NA,NA,NA,NA,NA,NA,NA,NA,NA,NA,0,0,0,0,0,0,0,0,0,17064674,18173328,18351364,13294,0,0,0,0,0,0,0,0,0,4949,0,812657,977517,1120121,364663,502100,521901,27861582,37349764,28812102,38198556,47452,44568,517423,699471,448407,642821
Homocystine_Pos,NA,NA,NA,NA,NA,NA,NA,NA,NA,NA,NA,NA,NA,NA,NA,3652,NA,NA,NA,NA,NA,NA,NA,NA,NA,NA,4110,0,0,0,0,0,0,0,0,0,9096876,9636171,9906802,1557968,0,1101038,0,0,0,3343,0,3844,5061,0,0,424337,481487,483326,140500,183580,174836,13607695,19032562,14421357,19940992,889456,1468355,2501467,2568921,165096,180196
Homoserine_Pos,153341,195612,224761,219421,268349,212093,104754,98030,62549,418560,288869,268722,130885,140927,36739,147942,167302,355795,154055,183789,233268,107254,99865,252742,871840,555944,442957,37444,136110,274121,126353,169450,174415,143168,349148,208761,45098236,44347380,43533028,28454998,27708346,27398514,837950,187896,71300,305349,269933,66891,142808,663215,299269,3876794,4305045,4771043,1733648,1982509,1720469,68685312,85559016,67832736,89255104,491794,1201601,2853534,3757108,2297047,3039578
Hydroxylysine_Pos,0,0,0,0,0,2693,0,0,0,0,0,0,0,0,0,0,0,0,0,0,0,0,0,0,0,0,0,0,0,0,0,0,0,0,0,0,5110932,5606710,6059142,4041768,4158070,4000002,0,0,0,0,0,0,0,0,0,501027,587671,496588,144646,184770,158555,19342482,20825020,18565062,21306048,131463,112890,383852,274086,173127,234827
Hypotaurine_Pos,3732,NA,NA,NA,NA,NA,NA,NA,NA,NA,NA,NA,NA,NA,NA,NA,NA,NA,NA,NA,NA,NA,NA,NA,NA,NA,NA,NA,NA,NA,NA,NA,NA,NA,NA,NA,0,NA,NA,NA,NA,NA,NA,NA,NA,NA,NA,NA,NA,NA,NA,NA,NA,NA,NA,NA,NA,NA,NA,NA,NA,172382,166843,84396,95427,NA,NA
Isoleucine_Pos,397398,216962,774330,852188,574971,746541,250813,558295,88508,119502,1179975,1808293,97860,1543710,57908,22395314,21697678,16389663,4235648,9463333,6924083,2111938,3136358,2546280,6625696,6908253,7011312,763282,995407,1492652,3821107,2555478,1055469,571321,673385,160901,52456512,52556668,53230044,41608928,38537564,40023624,356569,241613,93788,27930816,25238144,27225778,7321249,7589634,6902117,16359836,21548160,21410864,7468346,11183206,12261643,212871360,296237920,212037072,316493472,208763,329584,10752025,14406307,10187306,13973076
Leucine_Pos,1082724,759963,676396,385001,1096733,836940,406475,533122,373005,779140,1407513,1944561,523055,1291509,338935,13221749,12286534,10048631,2473186,5588266,4054224,814922,1655460,1401314,4419282,4925106,5370207,826713,73652,764593,2523484,2072109,1572279,283821,335217,1386074,71887248,77986368,71279144,58709364,60358744,66695432,217478,200108,259010,19191748,17608838,16529518,5648388,6378525,6536784,9709973,11215748,12627585,4400431,4850032,5982046,102026944,159771824,106951312,170021392,203355,431333,6440825,8952699,5766319,7878945
L-Pyroglutamic acid_Pos,51258,57078,55146,471243,574391,786218,10443,25872,574332,351649,570267,640529,17039,NA,5186,82316,14735,8797,39583,74341,25615,NA,16052,15004,87553,161878,235249,7880,11105,7572,14698,16111,58013,7406,8341,17919,390068,547138,487216,41420,136396,66687,23850,10380,6438,17788,14252,12406,18204,17100,18771,21487,14482,43019,NA,14992,25680,192142,155642,170414,189224,NA,NA,15861,35753,67984,65328
Lysine_Pos,427109,421161,470727,342964,336972,243691,243575,235242,206006,200735,267089,300526,109242,46516,206878,507218,506597,614309,244544,352619,180186,256261,241702,320569,440735,275838,546941,129947,160944,231383,352667,296152,322159,230959,193810,237327,6362750,6367928,6987801,6645173,6306421,6384676,31586,149884,177547,239699,240546,207829,188953,40243,157758,1495057,1369941,1079855,850106,828249,573951,15943966,14819516,16156142,15698586,766961,248188,1238812,828305,1457037,656295
Methionine_Pos,0,0,0,0,0,0,0,0,0,0,0,0,0,0,0,0,0,0,0,12596,0,0,0,0,0,0,0,0,0,0,0,0,0,0,0,0,71140856,73168416,65616460,212788,10665,0,0,0,0,5345,0,0,107663,34485,77564,3080837,3927535,5206943,1460680,1853367,2654465,98715336,154381920,94450536,165123936,43296,191480,1965216,3591508,1929479,3014955
Methionine Sulfoxide_Pos,133382,109852,265175,238056,303324,461681,143058,92954,111884,300821,320849,461869,54122,433256,241422,3396852,2851045,3129762,632064,883853,715898,394607,475806,249677,885407,1510999,1734384,271819,297740,352678,729770,768278,1094860,322830,294300,339776,68474992,63542388,60096560,86445664,84679776,84835976,511546,330632,263900,647746,375591,639875,371612,528946,300233,10274713,11918111,13759175,4744147,6162051,6771249,84084272,112655656,92554120,131419112,365343,239001,7038974,8240602,6420948,8745514
Muramic Acid_Pos,10711,13907,4816,0,0,3910,12438,0,11449,0,17820,9256,9921,6188,18637,14530,12407,4351,0,70989,18562,0,0,15629,29189,14900,11007,52212,0,106218,34623,13530,40029,0,7142,20821,47428384,49136284,45432596,16409179,15358587,16254182,0,12596,47038,0,22871,36733,52197,0,21611,3049270,3726524,4519182,1455759,1877285,2235324,56214456,80630824,49184808,87812896,261339,248566,2283009,3295156,1786123,2537730
N(e)-Acetyl-Lysine_Pos,34998,14711,9361,31793,14981,37840,7281,22692,81080,21304,4210,67862,7004,61485,7959,379132,221774,234859,112770,131956,269573,14218,42481,30299,129000,78998,76073,22447,33038,14179,182921,436806,846280,18142,11749,47726,188156688,174151392,167454128,114278976,110768024,111049280,6844,25493,10408,5009,33362,6560,60628,8804,27408,16163846,21192748,23357200,8378498,10490424,11171154,252011984,294423360,264801936,328081632,569388,465043,12057256,15810541,11467794,13713304
N-Acetyl-Serine_Pos,0,0,0,0,0,0,0,0,5235,0,0,3991,4690,0,0,0,0,0,0,0,0,0,0,0,0,0,0,0,0,0,0,0,0,0,0,0,7086364,6224533,6625155,0,0,0,0,0,0,0,0,0,0,0,0,181183,321426,489047,34133,92246,171285,6553471,13315194,7837804,14874554,0,0,86341,302422,30711,212358
N-methyltaurine_Pos,27438,26077,46169,32828,7537,46129,11632,0,31041,32806,49749,24036,22326,48867,36349,7469,0,14737,40452,25123,37421,26189,47789,18031,41557,21227,42109,176564,133603,184593,83397,52642,49615,97415,132042,85403,79627168,77662528,77266632,17234,35652,58083,16267,41184,84335,39050,15488,62852,29935,26103,38648,3631669,4364205,5807027,1954107,2200139,2835712,0,29731,2032182,3423016,102338080,148678912,97755440,148877168,2197702,3303774
Ophthalmic Acid_Pos,0,0,0,0,5804,0,11868,0,19447,18949,6003,0,0,0,6298,0,70476,0,21382,5871,64782,0,15549,25844,18190,0,14233,16645,7420,0,0,48865,347008,4416,0,0,51256596,52805944,50518888,17972926,19468488,17888406,0,0,0,0,5206,0,10690,0,0,3454792,4027463,4693728,1732517,2009624,2360141,73641456,93893880,74121064,98907808,8898,0,2103021,3036834,1973171,2605251
Ornithine_Pos,3557201,2196406,3472746,2744904,2543833,2481018,2160876,1656975,2065194,2244313,2596878,2647878,2147394,1628152,1564790,2977601,3279157,3354703,3188180,3586167,2869676,2163357,2075971,2603528,2634073,2259703,3299102,2166786,2069146,2452393,3400113,2413193,2906708,2228461,2314795,2491486,19837732,22002350,22337062,19165040,18068130,18033412,1464718,2168098,2040096,2496788,2098475,2377470,2225827,910648,2007298,5947816,5720041,5039561,3994485,3513974,3247795,40407760,45923228,43368632,51905808,4922320,1796123,6123899,3770547,9199713,3441549
PQS_Pos,4476239,4615885,4595152,1727804,2073014,3167735,54810,233972,838264,656407,941683,762826,34938,287147,47099,2832342,1943589,3861245,119706,271321,388756,155357,295118,461257,647949,1067270,577749,50153,68022,73605,216826,318749,217371,0,101147,127177,2531565,1265103,3608967,58287,137501,189571,0,0,0,13797,16233,113904,213471,47007,94830,938762,941274,842783,365042,408326,360018,50461152,31099942,39251172,10270498,6523,0,510147,407970,415989,513258
Proline_Pos,1403796,1346300,1769485,1572450,3445082,3112141,977373,1704569,1455531,2037089,3930742,4027583,1915634,3143534,1915316,28199582,31625750,21941750,5953322,11133984,10639604,3720474,5598951,4473233,4502513,4799779,5476067,103469,1091137,2453345,4860582,3264285,3848665,1426399,2448263,2595915,126535856,120116632,116859080,196351904,188290480,195352864,580945,803792,62641,1057331,1488333,991932,716403,388235,834210,22597900,30966018,27840876,12183774,15558551,13853022,198490464,215728864,206927904,239023456,344565,681696,15940684,20097252,15985506,16238467
Propionyl-L-carnitine_Pos,28931,48625,7096,27139,38569,33883,55567,36220,5713,34198,38099,52921,27039,29568,6190,62935,50474,63252,84540,89312,113165,51762,54698,38293,94869,26563,63161,88417,110143,121560,141604,110200,500559,29903,68522,43995,1007063616,1067408512,1104344192,28420324,32875090,48725572,111107,97725,68199,854144,732624,930579,63410,161743,65813,73690360,77331368,73257128,35791160,38969380,37522648,1844345600,2021841792,1821096448,2007679360,41199472,58725604,81468336,101267552,38025188,43792196
Riboflavin Monophosphate_Pos,NA,NA,NA,NA,NA,NA,NA,NA,NA,NA,NA,NA,NA,NA,NA,NA,NA,NA,NA,NA,NA,NA,NA,7160,NA,NA,NA,0,0,0,0,0,0,0,0,0,41531960,38746028,41370968,0,0,7555,0,0,0,0,0,0,0,0,0,1517419,1093485,1067933,661708,565609,485058,13912,0,901615,1361644,64145104,78653624,56563272,77423240,729563,665869
Sarcosine_Pos,145728,161912,36398,474077,67043,133508,147012,89673,95154,220325,167658,41356,140723,7590,31575,510531,604885,428196,118122,115401,267432,618469,792835,852106,486128,310523,501599,121267,36056,7148,62618,49656,103244,88768,145249,132037,31887512,33493918,30203288,20974318,19609756,20225826,18858,77776,85085,246611,11379,39472,25795,107973,79032,3311840,3901109,4344929,1704679,1842285,2177450,90821,165424,2059622,2521227,45870580,61254456,49155932,67609624,1914022,2265292
Serine_Pos,646338,666396,696501,775086,1855451,1631562,494846,474973,789055,813572,2285850,2988001,1639993,2072500,995483,4515635,7649999,3936649,5144370,8101166,6474962,1062595,1277825,1279168,2549122,1407476,1765438,1084175,727089,1520792,3078678,2397380,2343061,354054,591801,1361528,13229404,13835628,13601759,14793534,15107340,16647055,115152,293733,437232,312716,304966,120282,71210,29300,135589,2902958,3203254,3188674,914701,1178842,1250325,18601558,24377988,18912160,27897880,106820,510050,2185832,2788004,2133504,2049822
Stachydrine hydrochloride_Pos,608385,1843365,1300445,101323,260885,479766,132366,1835381,761365,1040219,1343405,1993767,105459,81237,90625,7749240,7416006,6918055,492302,1746608,1428983,1126703,2020271,1678307,2955887,2315316,2460891,91992,18366,135237,357617,805864,777732,63402,338172,45144,281020512,271213920,267974016,196304800,216702992,196549328,272726,1683757,1466932,641245,605007,257625,204638,391049,120371,31579482,32688604,32756046,15187233,17385058,17007296,418169632,468042048,428952288,494688768,1534060,511932,18590468,21013224,15971701,19815976
Thiamine monophosphate_Pos,NA,NA,NA,NA,NA,NA,NA,NA,NA,NA,NA,NA,NA,NA,NA,NA,NA,NA,NA,NA,NA,NA,NA,NA,NA,NA,NA,0,0,0,0,0,0,0,0,0,38579576,48577252,50252460,86920,69894,23873,0,0,0,0,0,0,0,0,0,1215332,1305779,1216665,430726,516623,451797,60243476,78967760,54422924,77376680,76552,59154,1185255,1508050,432079,458944
Thiamine pyrophosphate_Pos,NA,NA,NA,NA,NA,NA,NA,NA,NA,NA,NA,NA,NA,NA,NA,NA,NA,NA,NA,NA,NA,NA,NA,NA,NA,NA,NA,0,0,0,0,0,0,0,0,0,5261144,5446626,5577208,0,0,0,0,0,0,0,0,0,0,0,0,111339,70402,8844,4664,0,0,9808568,9270628,7843102,8889869,77917,53125,168810,200052,8472,0
Threonine_Pos,306392,97067,171829,326283,276680,162841,144818,42730,313523,265423,244066,350618,130885,136015,50369,133394,241240,252400,31703,147134,165677,138321,110998,123030,833879,418355,681094,41688,139676,243393,59120,21745,212592,120732,104434,32775,45098236,44347380,43533028,28454998,27708346,27398514,837950,284478,71300,305349,128258,214542,142808,663215,45025,3876794,4305045,4803257,1711488,2553852,1980911,67521200,83507728,67832736,89255104,161886,35990,2800158,3590068,2297047,3029758
trans Hydroxyl proline_Pos,95839,60898,110940,69457,68401,124514,48297,60373,83795,20097,97734,47285,85909,70285,37687,106846,108249,86610,156228,38854,68287,154383,50954,143477,208889,458831,340579,58312,1441,12131,154190,43870,263939,91866,33397,158451,87694272,88745120,82849944,50580300,50969604,48388432,31956,15725,129356,17129,86868,115210,32059,146593,163114,6851399,8060511,8709516,3312781,3880552,4456825,140137824,173948912,136464192,178140272,137679,254353,4794356,5784372,4191702,5046555
Trigonelline_Pos,1611115,2355093,2677659,2578046,1867701,1674393,1893497,1667621,2779900,356736,2296168,1172765,987343,300894,1036824,38983824,31289628,33339078,2447768,5763791,5934156,5277081,8932684,7848948,6289983,7596008,6158276,687147,1344980,779958,1553519,1995862,874841,1905278,2707975,1903372,223228608,223366400,216571088,148853056,172412112,155143488,132680,240149,355381,1597974,1539008,2013142,74099,204407,192521,27044546,30203242,30111786,13191662,15080681,14802150,304435040,351911040,320410560,381193632,30711340,28583288,16441048,19860270,14850845,17151242
Trimethylamine_Pos,16967,NA,NA,NA,NA,NA,NA,NA,22375,NA,20617,NA,NA,32180,4748,12904,NA,NA,NA,NA,NA,NA,NA,41010,NA,NA,32087,45088,0,0,61021,52665,47962,68929,32127,55907,6507456,6706194,7143077,36331,67843,38396,399805,299305,301899,397618,356862,459979,284044,408342,583162,698642,614348,499240,436455,286884,247271,16145664,14918202,16437010,14586608,401378,16013,488463,307041,656641,287877
Trimethylamine N-oxide_Pos,1424160,1132206,1128344,1539323,1132496,1589914,1208282,1210252,1446214,1138920,1080474,993729,829150,615737,1157199,434063008,403748544,562661120,7272081,9124623,9161857,25966166,43247148,38066496,21369098,23221758,20177242,1203203,986730,1366069,1025128,1437033,1097424,883124,1216497,1151617,403459488,436981952,430797280,299407168,351198464,271262816,216976,468291,264164,4703859,2933888,4664000,649619,649069,778138,82024480,85544984,85803032,40431080,45060088,44973728,688032384,762036800,703292032,798149568,358011,438649,48756800,52434932,43349320,50339964
Tyrosine_Pos,174012,284546,425714,287135,548628,299755,177050,414035,588579,236138,307114,897898,323440,789721,396498,1649094,1361252,1089987,773853,1927951,1055340,347572,164732,384845,949355,662113,1160112,479784,37228,555056,1351115,1188300,2459588,238197,325162,411528,47948200,48998852,46639376,22712358,20415252,21263358,199294,250676,307075,2274976,2629352,2049445,1059170,1025944,1052757,4465839,4991775,5743484,2214941,2585871,3093511,69031408,97544496,68236048,100196928,109849,22323,2694253,2813164,2802078,3535671
Valine_Pos,363832,123389,531263,451918,1070739,1113886,286568,550240,392326,630759,198760,1335659,401082,1746950,793168,6011358,42490372,6175836,1642842,5606112,3513591,982501,4583540,462951,1818822,1191539,676170,372659,501024,813313,1256363,1301712,866668,1466499,2150702,884994,49344724,42173300,36188876,66542316,37104740,46506972,1533412,1574077,336661,1578573,512087,2430674,430545,1157583,NA,6354128,8238147,8123314,2456539,4843808,3656682,44191528,64849004,63232184,58808776,1246262,864623,4299916,9216675,3900213,5096320
Vitamin B3_Pos,159078,241653,235841,53914,373989,1632137,1262381,278200,208745,72316,84363,92503,631828,2707250,3514562,234181,4665278,57320,13657611,6171883,1007346,12719970,2039736,170179,875226,658486,5692012,16789822,56918500,9597055,46214232,14517667,723960,7100867,13429749,15386857,175699456,178553952,187273104,198718384,74853576,256688608,101462,627864,95618,445549,272335,75856,1209395,1855923,1628216,607881,22817408,33251602,10512986,457304,18115504,10051,50871,427986,19331610,397858,274629248,447674,285023520,741779,19639554
Dimethylsulfonioacetate (DMS-Ac)_Pos,0,0,0,0,0,6636,0,6060,0,0,6846,0,0,0,0,9388103,8628455,8777906,12254,0,11442,13965831,22220112,19532664,8667720,10308397,9687338,0,0,0,0,364867,12405,0,0,0,380438880,371661888,365452160,400588640,433206368,416986752,0,0,0,0,0,0,0,0,0,55505144,60379876,52725344,27036766,30691612,26547314,0,0,30352598,30987718,720011968,808736448,785593280,901353280,28942100,32633308
Gonyol_Pos,3866,22318,11625,73305,101617,162036,0,0,13876,836514,803898,777195,24481,24587,63782,1260172,1063635,1247954,921127,2078233,2046525,440468,857922,840113,2530225,3324228,2794214,0,0,4381,5346660,6867607,9200393,0,0,0,39079628,42961248,40773956,35401924,45086848,36153252,4539,0,0,114437,66874,114248,53701,98529,94296,5822613,6325302,5920218,2702447,3047084,2884685,0,0,3099087,3380999,79061296,123266176,96567416,126606648,2847819,3486129
Turicine_Pos,252370,417562,217038,125162,86349,479008,270928,596652,129721,301971,561963,211891,30883,224423,23742,3630631,2544792,3090857,503080,490834,490280,681990,1276176,768011,835310,958952,627597,331773,167303,180656,1179496,100795,516892,55410,123120,133551,1028207616,992094400,973735552,959965184,1090384768,979341888,266384,567250,310995,1446530,329020,192529,401833,335364,47654,134587792,143010416,125540760,63797904,73636296,62885116,241182,87084,70762664,72861504,1916505600,2314752768,2113186944,2514383616,67794520,77419248
Betonicine_Pos,311766,197585,217038,123627,64785,283734,330957,423467,203217,135499,481571,214664,28330,161408,360355,3630631,2842177,2705921,1084536,1009753,566826,554013,1134534,1166528,956701,802908,605163,331773,167303,180656,1179496,100795,516892,91910,123120,133551,1028207616,992094400,973735552,959965184,1090384768,979341888,266384,567250,310995,1446530,329020,192529,401833,335364,47654,134587792,143010416,125540760,63797904,73541232,62885116,68945,145788,70762664,72861504,1916505600,2314752768,2113186944,2514383616,67794520,77419248
Methylmalonyl carnitine_Pos,65955,85293,83453,38626,39351,83496,19080,38439,84116,65009,34365,45788,138296,106724,27678,77578,110480,125426,7412,28787,94774,19202,32811,24004,55604,18043,29711,126173,142426,22659,31641,145825,526752,6244,82695,113601,109054992,107717496,99340944,77102000,79829416,88836424,12670,79606,23152,234665,103791,89179,52840,32303,93849,40417444,43026364,43262164,19520820,21387828,21890048,32998,77528,21854934,23944822,828045440,1142667520,886802176,1231720320,21802566,25813152
Arsenobetaine_Pos,47902,174620,29850,13643,50340,34505,0,0,72067,0,0,19515,56828,11377,31149,1955464,1612009,1804554,14985,53186,17101,53905,15812,15323,68295,59762,14956,0,35746,0,46770,909424,276205,13107,46714,0,846936320,838114944,817900928,807718144,901693760,809713920,11464,0,0,42566,0,19371,14570,26191,20566,114620304,115199280,110786840,51635840,60892068,55712424,0,0,59027832,61362460,1709937152,2164176384,1837213952,2194609408,56040868,65675788
Hordenine_Pos,87779,324099,157356,72990,119827,232364,87170,314690,204120,262294,158784,62570,202263,41089,143426,223957,40005,257018,197736,20293,24821,125066,150299,39808,245358,144328,102722,24014,44292,5355,59970188,67314120,85938512,81115,123591,102607,612610496,675642112,756020096,90208064,95317280,65303928,50279,132705,58499,107145,62140,29826,931032,929754,1163037,57376576,58807860,58760504,26631228,30256730,28055954,99505,109548,33043958,33268374,1653972608,1962238336,1759724800,2075680256,30192140,33536720
4-Hydroxyisoleucine_Pos,79175,36652,42812,41812,17769,168874,74282,226108,379715,237938,155489,443982,152494,243980,42354,1223283,1155089,1122027,2160468,1919371,2279322,204593,569746,310440,894574,325313,604597,95940,15487,221132,4001331,1709136,1816755,56919,92798,142095,27151272,25917148,24222182,18578910,16435745,18567074,122992,76543,29277,153400,57124,486398,45713,92925,70622,3361742,4128561,5177030,1166511,1943115,2870324,383494,1600178,1941072,2833104,26448568,67633280,33842952,78913088,1748794,3434517
Deoxyadenosine_Pos,50800,90164,71545,39829,47307,86925,423002,63892,48098,45850,87002,539900,28278,36538,0,32431,35376,57679,0,6974,7785,12953,0,0,30295,20585,0,85997,0,233474,244716,141369,206233,0,0,0,295073120,309172992,302406048,7032,8881,20275,0,0,0,7795,0,0,6802,0,6224,18103084,21023468,23332500,8040739,10537164,11188435,0,0,10044282,12515340,588110784,897934912,649363072,982077440,9541968,13268487
beta-Alanine_Pos,1003247,842272,1018118,923165,986668,1070160,582632,539203,846232,1072836,1406065,1939076,583680,687801,674241,2013810,1719669,1748499,1431317,1790142,2149668,1279735,2106563,1886444,3267482,2706167,3143251,493321,609800,652545,878587,1013500,977213,424627,799651,656933,18708178,20096584,18275180,20846118,20882192,20219038,81005,137464,44890,264284,196886,179216,227391,94857,245611,3215479,3717303,3543922,1399539,1733588,1879354,95268,26528,2234001,2377532,34940464,46712108,38861860,50027872,1796767,1973522
Melamine_Pos,1370683,1131087,2498325,5967804,7484263,6888116,1665383,1730402,3524306,4063703,5200186,7038436,1471922,1851929,1782145,10193327,9085651,16823114,6389081,8946437,11904743,4113073,8966774,5956088,8516784,7957528,13955991,1417688,2741296,1333649,6808151,11243108,12622950,255135,1330562,1867720,310276448,326716320,334880992,253170144,287238848,250502000,1574062,921393,2275941,1393824,1370900,1596720,4353744,146376,2490096,38732280,44909880,46632484,18854964,23694648,24929776,1258964,2495451,20361930,24999100,681501312,987640768,740230784,1029679552,21390394,28260408
Acetylcholine_Pos,66776,29487,26204,63636,61243,23989,105462,60613,48679,42548,8158,53635,19189,29247,33642,64854,47524,52257,188816,76709,62081,72076,86652,39186,134705,47839,54645,64626,177468,237576,101224,32397,52845,307040,160275,42787,283336096,376501824,393784832,160084,281213,112910,73704,11329,30374,102952,32090,81062,325747,29136,21611,25161706,26444346,23080344,11411702,13982876,11583934,80523,31822,13202323,13253094,805191936,701250240,677891200,693869056,12290907,13722159
Cysteinesulfinic acid_Pos,0,0,0,0,0,0,0,0,0,0,0,3122,0,12555,0,12662,0,0,4550,7795,0,0,0,0,8050,0,7699,0,0,0,0,0,0,0,0,0,5669575,5520953,5280812,33417,43251,34391,0,0,0,0,0,0,0,0,0,284945,291659,302400,132692,137979,134752,0,13561,185666,213720,10798674,10943921,8035299,10891000,154331,174214
Hydroxyectoine_Pos,294248,225758,180782,98287,235740,187531,537366,138864,235007,272275,159927,366870,320073,449498,215767,331821,316654,297551,251442,918759,529466,691033,261780,167477,2352423,2525079,1729163,169839,1062401,349721,419495,368212,323765,188632,581587,889246,60157880,58880332,58287488,31446234,32184156,31652134,695186,209387,210062,261641,240308,55556,210228,281045,157585,5353278,5621252,6046006,2446693,3036907,3123028,135428,90146,3105686,3161964,78942024,95414888,83893336,102396696,2943187,3338096
Trimethylammonium Propionate (TMAP)_Pos,307423,87323,285244,106341,228169,551006,108894,100557,46217,295860,389771,313484,106648,226470,38089,4679681,4255983,4956806,699806,1238433,1309503,2226187,3597547,3201003,54574752,68711032,58179572,66038,56350,238935,278481,689294,419738,111366,184845,351391,789319680,826039296,815373824,620751104,715451456,603814400,368023,151905,325732,357688,35417,157923,189750,423885,12734,95561944,104532856,100817384,46919488,50068288,51942564,51277,434565,52257432,54851588,1327018624,1311088768,1122802944,1389355008,49640328,61542348
5-Methylcytosine_Pos,252062,263854,64241,172242,31898,363842,35768,246452,234647,109428,263008,71623,223593,298950,50273,32441,267334,147535,389502,503177,534559,84485,107547,319495,142292,253526,20001,20112,215632,1455,6238787,13807102,31453880,54001,98637,151860,614926272,666492928,666849536,214708000,255388800,200422816,74691,89408,280502,76117,79384,61495,278186,96109,45219,58489864,62346292,63613780,28548950,31614110,32547528,81157,68819,31470362,35885644,1096193152,1184833792,940750336,1226987904,31587382,38455960
6-Methyladenine_Pos,106074,176947,160910,53063,82296,22091,16655,116450,342397,92693,30943,125259,89879,97383,118431,59255,87313,98994,239109,311823,668560,121974,74634,99143,199084,147242,283401,88233,56287,87359,53098724,76161128,143688960,24153,230661,114127,954332928,1046516224,1095240448,228056208,265166400,215221568,20812,64538,122003,247266,282884,283536,417820,567269,838311,84493592,90392080,95696648,41051316,45937280,46506476,262639,187921,45669388,52523768,1951451008,1984803072,1626440960,2065779072,43434672,53228124
Carnosine_Pos,4944,13862,0,5675,26041,24657,40196,0,10670,5158,16788,0,0,0,47300,4881,5752,17088,6470,0,2403,4174,0,16591,5697,21160,37446,0,21882,4865,13416,81747,250511,107948,5332,0,65669084,76329640,79035768,23091588,24162682,21274004,0,44787,14026,0,0,14267,8395,11235,28087,3706512,4204131,4952048,1644241,1978107,2273454,12102,0,3044357,5080790,110020144,127901520,95754760,158651008,2288257,2683478
N-Acetylglucosamine_Pos,27852,0,21078,115403,16819,29663,95969,0,84015,132925,128410,106409,0,0,0,0,8158,0,77765,28378,0,0,133998,0,135399,47578,0,0,13549,76190,237926,436061,286360,6352,0,243929,13697228,13662953,11284506,27928,169482,325931,165347,0,95158,372306,52200,27683,165616,133404,62723,495613,456179,478187,167117,245624,232939,24098,54567,177969,195930,18065234,16123936,14183620,18962312,196065,264111
Trimethyl-L-lysine_Pos,0,2944,2661,0,3806,0,0,0,0,0,0,0,0,0,0,0,0,0,0,0,0,0,0,0,0,0,0,0,0,0,173889,523192,1562122,0,3025,0,90023072,120073320,132084648,18516582,18560778,9651017,0,0,0,0,0,0,0,0,0,8973351,9467279,9114069,4166990,4748088,4603599,0,0,5981360,6867405,286317632,292739264,224576064,310464256,4162417,5058990
beta-Glutamic acid_Pos,552914,219597,318463,1005192,610827,302337,340406,475012,625063,500413,635493,371230,713489,610351,392852,607645,367605,309606,344797,593514,608448,562674,575536,359005,1454246,760736,867911,380901,481974,1447943,1702124,1572328,1223700,99674,336712,1034393,19914920,19769502,18804378,14020769,14204477,14638780,357236,375651,390795,514338,32768,219553,222855,663200,486907,3200665,3772658,4260498,1621283,1901245,1838888,382140,309598,2418586,2971854,45090656,48980308,39641780,57387284,2704031,2929853
Anserine_Pos,11001,49023,46225,19392,45506,89074,0,29350,40733,0,8773,0,0,79071,189468,73221,87588,50312,0,0,0,0,8465,0,0,54200,0,75652,0,27170,0,0,569748,0,66628,4811,68349560,84040568,90409000,24958038,30600616,18643972,5370,5828,64718,13467,6560,68953,127907,18411,29767,4270705,5073121,6690604,2008276,2544802,3401829,202926,110508,3799473,4136383,147562928,194491680,114835000,229636976,2859206,4036077
N-Acetylmuramic acid_Pos,19203,22983,0,0,0,0,0,0,9756,7182,6488,14558,0,0,0,0,6689,5812,8188,8075,0,0,0,22562,0,0,6306,0,0,0,7021,35182,4823,6631,6678,6733,48571572,48713976,49774100,47137,0,11879,0,0,14770,245885,264571,348723,211859,230998,239376,2787278,2995091,3419603,1318727,1309763,1693167,0,0,1088322,1883321,89812464,88968760,63380800,92503624,1539191,2028643
Hypoxanthine_Pos,4632339,1132310,768232,272972,924267,627550,281709,263098,11016001,487956,1716422,1230417,874646,357764,5701950,7126579,5416052,5336370,6405165,12675104,15533020,668948,1141874,7507223,2041928,2474116,2101075,17896,NA,11425,9212,20386,48826,NA,19868,NA,9833611,126786,33022,194183,5593343,375806,171330,164921,148480,2501752,2521880,2637861,2477790,1652557,2209318,48112224,52522124,50162868,22994124,25740824,26128134,35655,49555,24317092,28751320,621916608,673691456,539431808,685956416,25395904,30088482
Succinylglycine_Pos,3499,3292,3592,0,0,0,0,0,0,0,0,4969,0,0,0,0,0,0,0,0,3399,0,0,3080,0,0,0,0,0,3629,0,3330,0,0,0,0,8267664,7721453,7253024,0,4515,0,0,0,0,0,0,0,0,0,0,387502,530883,474499,172575,245657,233987,10945522,12058812,11314332,11931826,0,0,264127,276267,227909,264461
Ergothioneine_Pos,0,0,0,0,0,0,0,0,0,0,0,0,0,0,0,0,0,0,0,0,0,0,0,0,0,0,0,0,0,0,0,0,0,0,0,0,47961432,47858496,47048540,0,0,0,0,0,0,0,0,0,0,0,0,1373899,1323340,1239868,724820,760708,710955,80466192,74036096,82074480,81907472,0,0,1121356,1188115,810659,804573
Pyridinedicarboxylic acid_Pos,288746,137795,147267,113263,182961,142613,160202,125944,192174,118457,271921,122007,133644,82396,96539,156689,170823,118413,68777,102985,168697,128720,161408,372692,161002,125806,109801,112725,137310,46248,113834,62421,86793,64748,56248,137471,48104436,46547612,44789684,561751,532931,566724,63250,55614,35121,69711,63331,51598,210008,95792,188177,2889562,3544079,2973979,1487248,1835080,1589217,70846792,70788656,75876248,72034296,222780,132521,2285824,1898745,1710257,1776661
Glutamylphenylalanine_Pos,0,0,8070,0,0,0,11005,0,0,12469,0,0,47082,22301,0,77305,51311,69039,0,0,48790,16957,36470,15548,87286,59338,66145,0,0,0,755296,1794383,4572037,0,0,0,101581256,102926288,96110560,34929756,29890890,41428420,18222,0,0,442985,339268,153990,239709,118284,484032,7384701,8657645,9551972,3429667,4258237,5693404,129830672,175210112,135134144,191504384,0,0,5182417,6256438,4448427,6542886
Acetylglutamic acid_Pos,10463,4179,7327,6966,0,7225,0,5350,4425,9657,13192,0,3820,11269,0,13473,12090,0,3955,20236,27391,0,0,0,7534,755,4847,0,0,4148,4124,3396,0,0,0,1449,15383174,14679919,14221499,5733,0,4132,0,0,0,25872,16862,16210,5413,3857,5655,848939,966831,900651,394691,474714,179600,21105938,24497802,22240008,23830572,8379,0,511659,504216,448684,205573
(3-Carboxypropyl)trimethylammonium (TMAB)_Pos,153619,177926,234050,155154,213894,334109,86800,179653,57858,154405,314674,197777,157293,117106,59524,923077,786690,857221,262392,270009,147625,563234,534058,719264,1802639,2163733,1867806,90823,280812,130972,458775,815611,904659,257843,306688,163784,906921216,967718400,987465216,514100928,651520576,441318528,978869,163674,81947,801468,273435,218615,213662,395390,735257,92533184,100536680,98479808,42934728,50869588,46559364,1408646272,1656826880,1467870592,1682837632,225729,276786,55030536,58873288,45596612,56353096
2-Hydroxy-4-(methylthio)butyric_acid_Neg,NA,49641,NA,19779,NA,NA,NA,NA,NA,NA,NA,25279,NA,NA,NA,19917,36209,NA,NA,NA,NA,NA,NA,NA,NA,NA,NA,0,0,0,0,0,0,0,0,0,141824784,138847520,141340464,0,0,0,0,0,0,17448,18267,0,0,0,0,4094560,5341042,7568212,2828867,2766455,3935517,217152592,282217600,194462720,280130656,168718,268977,3962485,5272195,3169287,4325545
3-Sulfopyruvic Acid_Neg,119817,303163,170706,0,0,0,0,0,NA,NA,NA,0,0,0,14147,340765,70251,238276,0,0,0,0,0,0,28469,0,101995,0,13439,142228,194663,182671,190795,0,15111,0,6945984,7320559,6861812,74774,0,112660,0,0,0,0,0,0,0,0,0,420871,492507,415731,217290,132263,111216,0,0,NA,231622,16015489,12610227,15991003,13649582,307449,132900
Aconitic Acid_Neg,13422,858166,16698,NA,16342,NA,NA,NA,176273,13791,NA,NA,NA,NA,NA,359135,NA,14279,174044,14170,11781,NA,NA,NA,15326,13316,NA,142952,133919,138761,237492,234128,230273,36153,77456,65119,181687488,191726864,181981840,354423,275750,530713,51538,27384,15523,388217,110242,460964,647364,420542,458857,15787316,12394864,10492650,6998559,5974718,4541935,322900832,277038400,315630240,272912704,602053,363185,10219521,8488914,8785014,5604455
ADP_Neg,NA,NA,NA,NA,NA,NA,NA,NA,NA,NA,NA,NA,NA,NA,NA,NA,NA,NA,NA,NA,NA,NA,NA,NA,NA,NA,NA,0,0,0,0,0,16333,0,0,0,7897952,8221953,8023991,0,0,0,0,0,0,17973,11857,0,0,0,0,209700,42404,0,85983,0,0,286536,0,147766,15711,14322270,7399514,11232486,8527146,22066,0
Amino Propanesulfonic Acid_Neg,NA,NA,NA,NA,NA,NA,NA,NA,NA,NA,NA,20102,12611,NA,NA,NA,NA,NA,NA,NA,20415,NA,NA,NA,NA,15323,NA,0,0,0,0,0,0,0,23969,0,35401384,32529494,34265860,0,0,0,34693,0,0,0,0,0,0,0,0,2479069,2408201,2494745,1298963,1355503,1262781,0,0,1011709,1219429,65438600,29754946,59615948,68796280,1297855,1374592
AMP_Neg,12283,0,12229,0,0,0,0,16318,0,0,0,0,0,0,0,0,0,0,0,0,0,0,0,0,21738,0,14675,0,0,0,12125,51565,363338,0,0,0,21476092,19408378,22574838,4285159,5436538,4601054,0,0,0,0,0,0,0,0,0,1173652,1106505,1172197,481440,444740,402475,17555,0,949460,1291554,34078968,39142816,30290500,41187872,692893,559864
ATP_Neg,12144,NA,10985,NA,NA,NA,15798,NA,NA,NA,NA,NA,NA,NA,NA,NA,NA,NA,NA,NA,NA,NA,NA,33528,17537,NA,NA,0,0,0,13529,0,0,0,13093,0,870822,879848,678005,0,0,0,0,0,0,0,0,0,0,0,15101,0,0,0,0,0,0,0,NA,138500,0,7987994,927468,7493427,758657,0,13107
cAMP_Neg,0,0,0,0,0,0,0,0,0,0,0,13309,0,0,0,0,0,0,0,0,0,15494,0,0,0,16875,0,0,0,0,24549,0,75074,0,0,0,152334016,147204448,149318992,11305094,10908278,10528090,0,0,0,0,0,0,2070160,2109753,1659472,6349670,7326792,10795682,3207909,3635679,5203093,0,0,3804333,6106335,195090160,308727648,172215952,311632192,4257325,6025919
cGMP_Neg,NA,NA,NA,NA,NA,NA,NA,NA,NA,NA,NA,NA,NA,NA,NA,NA,NA,NA,NA,NA,NA,NA,NA,NA,NA,NA,NA,0,0,0,0,0,0,0,0,0,36939840,35569064,35919264,202739,25473,0,0,0,0,0,0,0,0,0,0,1676950,1905915,2350374,669119,964364,1103319,17109876,21741780,15396527,22650126,55592008,73074224,50095936,73801992,1026327,1279048
Citric Acid_Neg,6518548,52912240,6471831,4638025,3951422,4356345,NA,NA,1917832,377051,1927404,3164757,1285576,533225,49844,3555916,5093037,2640577,278299,2471879,2761461,3181406,6279067,233160,4210214,NA,NA,749448,414604,1252682,554838,643527,420224,843433,1529063,1064501,42631876,41650816,41489512,288518,337653,292593,11809,376569,497998,3290295,53926,135810,267444,619960,167227,29889166,5645840,1326836,1222816,5566022,1158855,6608752,73342416,117958736,69301704,36285144,14040192,31146074,4367790,200088528,1228398
Cyclic diGMP_Neg,NA,NA,NA,NA,NA,NA,NA,NA,NA,NA,NA,NA,NA,NA,NA,NA,NA,NA,NA,NA,NA,NA,NA,NA,NA,NA,NA,0,0,0,0,0,0,0,0,0,7649038,6661503,6784170,0,0,0,0,0,0,0,0,0,0,0,0,381848,269121,240445,39783,35655,22123,0,0,103114,74795,12488455,10491999,11216278,11096550,107947,36936
Cysteic Acid_Neg,133766,210957,134873,0,25275,17830,16657,20853,0,20701,0,14964,0,12713,19370,102337,44840,659415,14913,82728,185873,14380,30643,15245,667787,579676,1678581,0,19720,0,0,14967,97997,15776,0,0,23318494,23316068,23844172,549019,3517331,654170,0,0,0,0,0,12938,38012,43232,15355,1695498,1623742,1594063,734454,715376,801158,0,15333,1018849,818201,35666380,37176064,36723660,40815948,841680,931464
DHAP_Neg,NA,NA,16987,16009,38857,NA,19467,NA,NA,NA,NA,19255,NA,NA,NA,16711,NA,NA,NA,18593,NA,16670,NA,NA,NA,NA,NA,33599,NA,NA,17375,NA,NA,NA,15807,NA,3744842,3405905,3292479,NA,NA,NA,NA,20658,NA,21635,NA,NA,NA,NA,NA,77389,39022,NA,20402,13313,17676,1271714,1030910,1236701,1137559,5628540,4964575,5215146,4868942,46012,0
DHPS_Neg,31079,17379,NA,47209,NA,19382,NA,40086,NA,NA,34219,28713,20141,NA,40523,19453,NA,19722,26101,29504,53819,NA,NA,45206,39799,NA,NA,211208,162976,289304,509853,411208,633808,537995,740231,653239,246951776,245378240,229947904,524841,369547,341786,50592,135875,188826,89088,248217,115123,226787,115452,247743,17277308,15551170,16930946,8894904,9300584,9398557,187137,612095,10590791,10975789,326178176,374000384,317355840,391771616,10110461,10801501
Ethanesulfonic Acid_Neg,1917188,2071087,319741,608526,527929,1617637,464051,246722,1071008,763008,279278,1019486,1070530,232584,548175,1594155,942196,1483438,297378,480821,696587,297937,490102,270286,767345,744426,533810,271916,1530946,554479,129621,222419,210050,232446,316653,431689,224511056,215653888,221226544,229515,372804,59050,296990,NA,133195,300495,420680,141708,218434,298011,224753,14116526,14375641,13908760,7210152,7371080,7819077,112567,24289,9143371,8045922,380521888,394798656,362527232,401564928,8992032,8988260
Ethyl Dihydroxybenzoate_Neg,346502,1099163,607108,185217,99058,240600,116676,88853,57470,0,0,33881,119239,281209,48459,133800,322244,152564,76413,106500,36342,86095,0,99649,326625,57501,217935,38672,88806,174156,140052,398117,298498,174579,118910,242260,69186464,57805584,66444428,960154,430118,901334,96586,47935,133057,803408,693859,1020865,50037,457431,269759,3981318,4092031,4130384,1908854,1926079,2196566,NA,17717,24582,2056782,103448936,127267760,107927480,138504048,2325188,265765
FAD_Neg,NA,NA,NA,NA,NA,NA,NA,NA,NA,NA,NA,NA,NA,NA,NA,NA,NA,NA,NA,NA,NA,NA,NA,15528,NA,NA,NA,0,0,0,0,0,0,0,0,0,7661447,1891442,5480768,0,0,0,0,0,0,0,0,0,0,0,0,61675,32609,0,0,0,0,0,NA,66130,NA,22660806,22196682,19154968,21066140,0,30491
Fructose 6 phosphate_Neg,NA,NA,NA,NA,NA,NA,NA,NA,NA,NA,NA,NA,NA,NA,NA,NA,NA,NA,NA,NA,NA,NA,NA,NA,NA,NA,NA,0,0,0,0,0,0,0,0,16169,25523560,25747712,25691326,0,0,0,0,0,0,0,0,0,0,0,0,1065201,1112343,924515,627856,144009,416788,16954606,17392584,16655180,17280706,26479068,28180458,24737698,26287618,518525,527627
Fumaric Acid_Neg,4270906,4947296,5889528,3804879,5442994,3769030,3481115,3747274,2614116,2756403,4003288,3387433,2925582,2774181,2771437,2916097,3202504,3861498,2766317,3060407,3254176,3777922,4495997,3732532,3257528,3696378,3377932,2350601,1789123,2850478,2686413,2947606,2619226,3500435,3208628,1938680,21241298,21061062,22345474,2143154,3674875,3363518,1941454,2659239,3111209,2586771,2755756,4376897,3276777,2664110,3252284,7450900,4362434,3528045,4308856,3557478,2512596,1406238,32027426,40184260,31198698,5816884,2527030,7114435,3053176,10313912,1823911
Gluconic Acid_Neg,24241882,4532613,11966630,12983016,13618564,17591206,7858868,6867801,8270982,7147419,11255231,6625257,5984759,5608897,6182103,12776831,13857101,12142863,5833978,8203680,7316867,8902305,7931354,5883917,9570405,8933837,9394770,5899567,5457331,6781443,3939050,3810919,1115852,6199758,5994049,3808947,201215968,206289680,190716160,3332886,5253883,4564154,4534174,4650341,4370562,338694,2681340,1183276,1626880,1692907,3247395,12541625,4018298,4473039,17651032,6447351,2631213,27649970,2097509,20636416,2115653,86686600,159440592,75648600,202052800,30364698,3108435
Glucose 1 phosphate_Neg,NA,NA,NA,NA,NA,NA,NA,NA,NA,NA,NA,NA,NA,NA,NA,NA,NA,NA,NA,NA,NA,NA,NA,NA,NA,NA,NA,0,0,0,0,0,0,0,0,16169,25523560,25747712,25691326,0,0,0,0,0,0,0,0,0,0,0,0,1065201,1112343,924515,627856,144009,416788,16954606,17392584,16655180,17280706,26479068,28180458,24737698,26287618,518525,527627
Glucose 6 phosphate_Neg,NA,NA,NA,NA,NA,NA,NA,NA,NA,NA,NA,NA,NA,NA,NA,NA,NA,NA,NA,NA,NA,NA,NA,NA,NA,NA,NA,0,0,0,0,0,0,0,0,0,12202416,11570178,10906990,0,0,0,0,0,0,0,0,0,0,0,0,659123,657069,484939,262889,243140,136424,20499474,22023616,19177276,20810146,927442,537265,931662,768506,258003,100496
glycerol 3 phosphate_Neg,0,0,0,0,0,0,0,0,15399,0,16868,0,0,0,0,18433,0,0,0,0,0,0,0,0,0,0,0,0,0,0,0,0,0,0,0,0,14796095,14196001,14867245,0,0,0,0,0,0,0,0,0,0,14263,0,836791,717869,599993,365234,365413,219984,12568,NA,509975,398373,24165020,24528524,23634378,26094094,495527,350620
GMP_Neg,NA,NA,11832,NA,NA,NA,NA,NA,NA,NA,NA,NA,NA,NA,NA,NA,NA,NA,NA,NA,NA,NA,NA,NA,12197,NA,NA,0,0,0,0,0,0,0,0,0,9415929,9232565,9176692,31573,18593,14650,0,0,0,0,0,0,0,0,16007,384115,359631,42096,80686,82248,22926,NA,NA,325438,501367,13835022,15023574,12508945,14297182,145069,39452
GTP_Neg,NA,NA,NA,NA,NA,NA,NA,13812,NA,NA,NA,NA,NA,NA,NA,15525,NA,NA,NA,NA,NA,NA,NA,NA,NA,NA,NA,0,0,0,0,0,0,0,0,0,234004,238779,247026,0,0,0,0,0,0,0,0,0,0,0,0,NA,NA,14097,NA,NA,NA,NA,NA,14322,NA,3730795,NA,4013111,21515,NA,NA
Indole 3 carbinol_Neg,254176,545878,270859,102200,109984,147390,29628,NA,76097,95783,78072,40943,643179,288871,485688,179247,14404,183574,456141,450255,741887,NA,20262,NA,170599,77290,48774,825878,295385,649884,28470,46419,39572,311356,236442,214241,684090,636151,541991,32011,47458,86124,NA,NA,NA,NA,NA,NA,NA,21330,22772,71147,95645,171921,61352,34516,40441,NA,NA,116200,13614,915308,1053029,1422370,1099808,95381,60997
Indole 3 Pyruvic Acid_Neg,4412469,5980574,4011035,1965915,1892104,5562143,460316,1655593,2293270,NA,NA,17260,NA,NA,NA,3650567,2274560,4901794,16913,53343,29732,NA,NA,NA,127230,661596,149012,19537,48443,NA,18923,NA,19149,NA,NA,17778,2807883,2939338,2925423,20090,NA,44317,NA,NA,NA,NA,0,15731,NA,0,17879,590359,442703,588634,252090,123811,236435,NA,NA,111481,354911,7406673,2051423,2093017,2223517,309319,268207
Isethionic Acid_Neg,1613089,2132184,2682272,697288,882776,857021,337672,401586,715086,667138,796521,551171,304468,289698,309993,1667081,1520085,2964617,458392,411031,516156,312500,130707,415998,1088881,1737426,1978163,254989,287311,311016,355828,309335,0,294667,0,0,193551936,176840928,178264032,388337,569056,498858,134821,253292,155103,49035,261586,45326,149353,124614,61467,17631598,17022848,18432030,8514908,9670895,9478944,NA,NA,6484187,6080481,341244960,429644896,340695712,429249632,9396454,11117128
Isocitric Acid_Neg,6518548,52912240,6471831,4638025,3951422,4356345,NA,NA,1917832,377051,1927404,3164757,1285576,533225,49844,3555916,5093037,2640577,278299,2471879,2761461,3181406,6279067,233160,4210214,NA,NA,749448,414604,530946,464805,71834,420224,2363988,1906020,1061075,17603546,20555768,18161388,1711167,1726403,1678409,1022819,594751,497998,249720,1849590,375539,686532,155238,150497,29889166,5645840,214196,1222816,5566022,1158855,6608752,73342416,3958583,161462,36285144,726294,31146074,4367790,200088528,164297
Keto-?-(methylthio)butyric acid_Neg,NA,NA,NA,NA,NA,NA,NA,NA,NA,NA,NA,NA,NA,NA,NA,NA,NA,NA,15743,NA,NA,NA,NA,NA,NA,NA,NA,NA,NA,NA,NA,NA,NA,NA,NA,NA,29914246,54668,31195154,NA,NA,NA,NA,NA,NA,NA,NA,NA,NA,NA,NA,1500880,1572546,1950143,735236,790070,874218,52114664,61958224,50688840,63954940,21572,29735,1081244,1176937,906711,1078684
Ketoglutaric Acid_Neg,3222170,2877409,3238658,1890877,1813356,2138457,1613647,1359981,1407939,1657032,1834539,1353341,1256542,1142978,432056,2594344,2561578,2417437,1332905,720744,1671581,1535119,1437591,1532784,2074385,1948590,1408453,58464,93538,49452,21491,17437,NA,NA,24005,27385,33692,78788,NA,NA,16785,33419,457361,472647,457468,1050235,643978,959396,660240,480383,1037340,NA,25907,16089,NA,17164,27272,37848,19240,60822,17923,NA,20121,18995,19010,NA,16570
Lipoic Acid_Neg,NA,NA,28463,34974,19297,NA,NA,NA,NA,NA,32659,NA,NA,NA,NA,NA,21382,NA,NA,NA,NA,NA,NA,NA,18313,16542,NA,NA,61418,30382,17070,NA,NA,NA,NA,NA,17691052,16129142,17747278,NA,NA,NA,NA,NA,NA,16977,NA,18240,NA,NA,NA,772536,854574,809245,354294,433297,448184,37968332,39368960,37407012,43223388,NA,NA,577484,577276,446990,17563
L-Pyroglutamic acid_Neg,7230773,7174315,5250811,12350412,24268712,16622174,4304883,8845135,13271140,12247667,28487492,27247066,7196218,24662494,6051923,6952487,8394573,8514794,4217764,18909706,9552103,7545644,5476332,3329576,8696195,5193072,7156781,120058,79089,538096,155182,72156,7731352,1002758,3056555,3150175,142446768,136444400,141065680,24948238,23016214,32342310,2133693,1728404,3956892,21668774,21540382,21622328,6543074,4351397,8017369,22743982,21517126,21845260,11686292,11199127,11038782,236648272,253456128,230289680,265991184,915699,740708,15244423,12184887,12969062,15331227
Malic Acid_Neg,99188016,95497936,92019416,76460248,76932608,78281832,67033828,67783528,69641240,72789120,70956280,64249988,63697416,59177512,57566896,82324104,82361872,82619648,51602608,61283472,67006408,65482312,51423288,61524368,66961560,59701012,69557112,NA,NA,153632,743503,NA,106095,254531,98751,NA,NA,244351952,NA,172603,59180728,97826,48008024,51507596,45385340,52784652,51344140,55798572,51519388,59144836,52302044,429747,100918,NA,438684,NA,78204,376022,32240,514429,NA,186236,82826,489996,106221,186434,104133
MESNA (Sodium 2-mercaptoethanesulfonate)_Neg,7689914,8375277,6980759,972563,1299344,4177617,2355271,3191950,9142327,660577,443743,5431890,1666111,1273794,3130163,3603640,3731851,30907400,3938110,1972624,4191830,1588816,1697703,5446975,7862480,9878884,65435656,1298925,1348171,4530126,2079530,1934827,9486199,616091,1125914,2610382,85642216,84678576,3090374,7442643,1588983,35430332,NA,NA,NA,NA,NA,NA,NA,NA,NA,7686955,7756097,7047229,4363078,4318181,4222427,NA,NA,5357921,4974864,135420960,164244576,127156600,4975471,4720133,4541218
Methylphosphonic Acid_Neg,NA,NA,NA,NA,NA,NA,NA,NA,NA,NA,NA,NA,NA,NA,NA,NA,NA,NA,NA,NA,NA,NA,NA,NA,NA,NA,NA,NA,NA,NA,NA,NA,NA,NA,NA,NA,19410504,19476154,19098436,NA,NA,NA,NA,NA,NA,NA,NA,NA,NA,NA,NA,NA,NA,NA,NA,NA,NA,37098432,12987330,36299020,36130292,NA,NA,NA,NA,NA,NA
N-acetyltaurine_Neg,26982,NA,23301,NA,25279,19939,19742,18025,16713,20476,NA,111363,18984,41508,21170,17634,20038,NA,18563,15687,21866,16655,18048,19200,22486,19495,92271,19265,15870,17985,20209,22510,20020,NA,20395,15179,167101280,206567424,207921248,22732,27826,82423,17095,NA,NA,NA,16749,15615,14257,20499,NA,21807,21125,12004212,NA,18128,6650654,NA,17205,32373,7888892,NA,470329,137964,111787,22655,7127375
"NAD_Neg",NA,12688,NA,NA,NA,NA,NA,NA,NA,13560,NA,NA,NA,NA,NA,NA,NA,NA,NA,NA,NA,NA,NA,NA,NA,NA,NA,NA,NA,NA,NA,NA,NA,NA,NA,NA,8162078,7442214,8199752,NA,NA,NA,NA,NA,NA,NA,NA,NA,14714,NA,NA,177508,151548,75378,16352,31429,19634,NA,NA,28088,39456,13877375,14547478,13204467,15926541,32262,22104
"NADH_Neg",NA,NA,NA,NA,NA,NA,NA,NA,NA,NA,NA,NA,NA,NA,NA,NA,NA,NA,NA,NA,NA,NA,NA,NA,NA,NA,NA,NA,NA,NA,NA,NA,NA,NA,NA,NA,114092,7532845,7264652,NA,NA,NA,NA,NA,NA,NA,NA,NA,NA,NA,NA,167536,19109,53386,35605,33671,NA,NA,NA,47748,NA,14891184,11329247,652793,359091,14710,15501
"NADP_Neg",NA,NA,NA,NA,NA,NA,NA,NA,NA,NA,NA,NA,NA,NA,NA,NA,NA,NA,NA,NA,NA,NA,NA,NA,NA,NA,NA,NA,NA,NA,NA,NA,NA,NA,NA,NA,4527869,4493735,4526338,0,NA,NA,NA,NA,NA,NA,NA,NA,NA,NA,16518,NA,NA,NA,NA,NA,NA,NA,NA,NA,NA,NA,NA,NA,NA,NA,NA
"NADPH_Neg",NA,NA,NA,NA,NA,NA,NA,NA,NA,NA,NA,NA,NA,NA,NA,NA,NA,NA,NA,NA,13502,NA,NA,NA,NA,NA,NA,NA,NA,NA,NA,NA,NA,NA,NA,NA,NA,17284,43604,NA,NA,NA,NA,NA,NA,NA,NA,NA,NA,NA,NA,NA,12216,NA,NA,NA,NA,NA,NA,NA,NA,355082,68203,NA,13633,NA,NA
Orotic Acid_Neg,14536,14858,14970,21176,15214,15439,32833,NA,13213,13062,43629,98818,NA,NA,22197,15798,15270,16865,15525,828494,NA,18591,NA,16609,NA,NA,17943,16910,16154,14824,15452,20969,NA,NA,20399,NA,NA,234746224,246133264,21535,NA,18129,0,24794,0,17669,14769,11758,0,16840,0,16727,14975,NA,13701,NA,NA,15014,NA,NA,NA,NA,NA,30973,NA,14693,NA
Oxalic Acid_Neg,170460,155712,984045,375857,347213,166137712,519220,176464,381610,543493,301106,606330,316437,471549,364075,192650,616977,392478,485859,101768784,648718,448899,472606,206766,123502,122843,183563680,314828,380608,304105,48284,109237,66915124,314603,335912,79839656,63602200,68883584,73022,123986,205896,173390,NA,28241002,36014856,43728744,42283556,48210192,45439056,46369528,30780128,279138,825334,106367,499616,266548,56504,707172,102161,198363,72825,262862,109662,1192234,213214,35891,137779
PEP_Neg,NA,NA,NA,NA,NA,NA,NA,NA,NA,NA,NA,NA,NA,NA,NA,17540,14570,20929,NA,NA,NA,NA,NA,NA,NA,NA,405722,NA,NA,NA,NA,NA,NA,NA,NA,NA,NA,14525,17283,NA,NA,36598,NA,NA,NA,NA,NA,NA,NA,NA,NA,NA,NA,NA,NA,NA,NA,16852,NA,16896,NA,NA,NA,NA,NA,NA,NA
Phosphoglyceric Acid_Neg,NA,NA,NA,NA,NA,NA,NA,NA,NA,NA,NA,NA,NA,NA,NA,NA,24745,NA,NA,NA,NA,NA,NA,NA,NA,NA,18259,NA,NA,NA,18985,NA,NA,NA,NA,NA,15787723,15586132,15703827,NA,NA,NA,NA,11613,NA,NA,NA,NA,NA,NA,NA,34473,15886,14682,42860,26293,NA,21096890,14511348,24239140,18277996,6923134,5132335,6782129,6223994,87295,NA
Propanesulfonate_Neg,66299,71650,178142,17740,15667,14121,NA,NA,NA,NA,NA,NA,NA,NA,NA,21793,15580,20403,NA,NA,16503,NA,NA,18566,12615,15306,NA,NA,NA,12629,39051,NA,NA,NA,NA,NA,250783904,244988768,241443008,NA,NA,NA,NA,NA,NA,NA,13065,NA,NA,NA,NA,14627002,14062148,2503125,6997740,6988936,6618131,NA,NA,8543478,7202303,470255680,431794016,418509984,419997888,8565653,7754161
Resorcylic Acid_Neg,80426,96485,18367,0,0,19947,0,0,12477,0,0,0,0,0,0,29616,0,36633,0,0,0,0,0,0,58638,15156,0,NA,NA,NA,16094,NA,12832,NA,NA,14391,215349648,197394336,198334384,21357,18546,19389,NA,NA,NA,17272,20027,34882,240010,176803,374452,5627308,3210771,1926205,4083963,3274964,3217247,13121,19651,5805858,4668541,361064192,403403360,352930912,395609248,5906796,3228953
Riboflavin Monophosphate_Neg,NA,NA,NA,NA,NA,NA,NA,NA,NA,NA,NA,NA,NA,NA,NA,NA,NA,NA,NA,NA,NA,NA,NA,NA,NA,NA,NA,NA,NA,NA,NA,NA,NA,NA,NA,NA,26555374,23098004,25571880,NA,NA,NA,NA,NA,NA,NA,NA,NA,NA,NA,NA,318337,149386,55511,145891,53408,22533,14315,NA,148335,161896,46309200,46083160,40890448,41520360,267157,24556
Ribose 5 phosphate_Neg,NA,NA,NA,NA,NA,NA,16090,NA,NA,NA,NA,NA,NA,NA,NA,15995,20069,NA,NA,NA,NA,NA,NA,NA,NA,NA,NA,NA,NA,NA,NA,NA,NA,NA,NA,NA,7704959,8220987,7747501,NA,NA,NA,NA,NA,NA,NA,NA,NA,NA,NA,NA,163248,71958,20849,29830,14883,14450,NA,155139,373451,144512,14300433,13822829,12036564,14001247,38958,16129
Salicylic Acid_Neg,14494633,16353588,15084068,12384252,13122954,13588723,2538952,2057011,209361,2076636,5868240,6201114,2558473,1926798,2887713,17596654,16729924,20090206,2470653,3794847,4085867,1797199,2014588,1839512,23581310,10606574,8876558,1827069,2764270,2972609,2317748,1955796,3143446,1458251,2351185,1993210,252314768,247445152,254443040,17695732,7879358,19369024,49524,171761,332503,641018,647852,670245,704441,643855,936888,19470084,18253244,22051814,10469552,9692840,11068639,396521856,407187712,407867232,442463584,38704756,46814284,52051692,59938048,12846245,12610487
Shikimic Acid_Neg,302526,129047,934497,50360,954526,287482,393237,384734,161939,582448,374526,452632,208259,157368,449177,930229,262276,217484,209417,1023975,270142,107592,434612,192178,357023,480136,84560,249938,120985,76452,257372,202582,524222,190271,790509,740597,33232752,31163320,31309880,477512,77743,131799,286223,79054,354638,339846,651214,324182,3658798,1535857,2111464,3666451,2469623,805851,149491,1447044,268990,42013116,12107631,54284360,19453962,367718,331156,2156286,1212943,1961739,503950
Succinic Acid_Neg,10130261,8789954,8976896,8339398,584784,3867165,689173,5390607,616466,253268,406586,284840,2645918,90507,651837,360443,9662250,4398898,2625203,471803,164164,845584,517587,423988,597785,8306203,8346418,278670,506675,378853,238937,339670,951696,652320,391848,297834,646521344,635834496,635221376,12425720,11920918,12998066,3706117,6898782,5758241,5470391,5736988,12703885,16248874,12243390,16422565,52321,508438,2534090,305484,685476,2615372,272119,908397,77823800,5715051,1338239104,2632959,137246,394644,1057966,2983437
Sucrose_Neg,2966952,4511113,1426908,1352837,2225636,2266603,847487,2248531,922849,2563504,5150778,3124142,2250128,2025309,1911271,1087595,1517025,601335,1534252,1608144,2002013,2306886,1628626,1643798,326248,724725,1132313,1559183,1941697,1873461,1889795,1477454,2157266,4139113,2555466,2367149,31614218,31174798,32965470,1600465,2373436,1798756,4712401,1388100,1165986,1883236,2477088,2276873,1144523,780777,1924949,2767564,3308087,3237900,2134741,1620410,2318338,48011752,53471436,48422844,54156932,285109,2500032,2365872,2939775,2399487,2322182
Sulfoacetic Acid_Neg,355856,363727,128918,11285,106158,90481704,42950340,43773836,132954720,71298456,70159480,93823584,29141326,19183012,31540262,104317176,103158864,180597008,33556708,27306936,43817300,48027072,52247908,76425808,97611008,92024408,182221920,23285218,27286520,42064432,37882128,38667652,83040376,13776064,28718348,28831214,173391776,176967184,176694560,51895720,43022608,129820848,3208496,1919981,1658215,982483,2969423,2018146,2776578,2493969,1725785,154277,75913528,70242144,251704,48531208,44502324,3580596,2085201,235036,52899412,368419,150540576,322582,232023616,394847,52818340
Sulfolactic Acid_Neg,2208804,13031,NA,NA,549583,NA,225468,NA,762891,NA,NA,NA,192347,NA,164328,2069229,1515342,NA,117625,80602,NA,15880,474757,NA,1115412,1135785,2742509,59328,35689,236241,NA,NA,NA,NA,NA,NA,785762,1108400,919269,NA,NA,NA,NA,NA,NA,NA,NA,NA,0,0,0,NA,NA,491430,NA,NA,66351,13477,11875,NA,302264,NA,1037005,24443,1462893,NA,204894
Taurine_Neg,46331,16815,14545,NA,NA,16595,NA,NA,NA,25565,17718,NA,14651,NA,NA,NA,14434,NA,15760,NA,24403,17383,NA,NA,17886,29312,59587,NA,NA,NA,31342,NA,NA,NA,NA,NA,103517600,22897,38374,17860,NA,NA,15570,NA,NA,NA,NA,NA,NA,NA,0,6777491,6571429,NA,3463031,3641581,NA,14893,24150,3120275,NA,143767632,716523,143546400,164890,3665586,NA
Thymidine_Neg,217235,149419,122548,260894,323295,230501,185080,242432,NA,95661,NA,292504,172843,210758,289654,NA,242919,NA,185766,77973,102174,233059,134999,NA,256396,205664,160496,283895,342452,297285,120965,96319,270043,198820,157013,204005,32925476,32400398,30667964,319433,298428,NA,599933,487413,437740,333109,489839,393591,540984,229270,229991,453682,422003,600927,556752,210762,548178,52160816,56020728,47153628,52563208,NA,NA,543132,198305,395504,NA
Thymine_Neg,409713,257626,393802,236640,2603817,1371608,415024,272816,2062609,813319,583859,575635,393395,367814,992653,173433,238895,171338,1075409,1111411,1100598,481391,487438,1128756,702633,561134,107315,668722,1495366,560183,1026642,1699950,431274,383964,871324,1147142,187258896,177838448,175742480,3010801,1995622,3827187,267792,1098325,1142588,1324141,416122,2539046,1397606,394484,1537183,14406773,8324188,13742464,4994137,11623584,8028940,265842672,247662048,241276432,231768160,72724256,78400744,73202728,77970720,11067711,7129956
Trehalose_Neg,1308658,4511113,927212,473160,715304,513221,1299752,883173,727126,607652,235882,531602,792875,981082,733441,598878,717950,245861,621533,795713,791127,829481,709445,272033,684260,696964,1653746,549915,737967,824055,947806,671826,147142,4139113,690933,1864320,24568234,26339488,24887870,800671,908730,941318,4712401,1092572,1991309,724534,2205524,2417769,183912,861432,1298017,2960045,2436643,4787054,104376,4121702,407589,790441,934830,757407,2154814,35003576,39572168,33533786,42780704,2406389,307079
UDP-glucosamine_Neg,NA,NA,NA,NA,NA,NA,NA,NA,NA,NA,NA,NA,NA,NA,14114,NA,NA,NA,NA,NA,NA,NA,NA,NA,NA,NA,NA,NA,NA,NA,NA,NA,NA,NA,NA,NA,11995043,11907345,11653399,NA,NA,NA,NA,NA,NA,NA,NA,NA,NA,NA,NA,587060,618446,573766,246662,237366,174411,NA,NA,284081,220949,19949818,19083570,17879964,21080464,326636,120791
UDP-glucose_Neg,NA,NA,NA,NA,NA,NA,NA,NA,NA,15442,NA,NA,NA,NA,NA,NA,NA,NA,NA,NA,NA,NA,NA,NA,NA,NA,NA,NA,NA,NA,NA,NA,NA,NA,NA,NA,11627774,10670061,11248385,NA,NA,NA,NA,NA,NA,NA,NA,NA,NA,NA,NA,660481,491349,507135,248066,266693,185787,NA,NA,381739,369162,19714736,16956800,18142546,17215058,341249,224502
Uracil_Neg,562675,196804,679563,662284,772093,520743,510384,450527,721423,318083,193290,503786,526425,1798522,1926239,275878,581800,15542,284900,724438,454102,515547,315465,1793056,236015,477397,968578,916147,1249186,691505,585466,811066,956200,261897,1224486,1101947,44349844,40582580,42599228,1366357,303973,521701,254490,508886,586159,273970,537593,355750,517685,190366,1605477,3203102,3507461,4178573,1971522,2891650,2016724,500737,562589,2195806,2347628,73109712,71975576,71423240,72917384,2390317,2444458
Uridine_Neg,NA,NA,NA,NA,NA,NA,15114,NA,NA,NA,NA,16284,19670,25665,16110,NA,NA,NA,NA,NA,NA,NA,NA,NA,NA,NA,NA,NA,14566,15742,NA,NA,NA,NA,NA,17024,27749278,27087488,27118086,NA,NA,NA,NA,NA,NA,18192,32547,35911,17482,NA,15313,1386485,1585495,1300808,593527,722613,445227,NA,NA,729753,545016,47353616,47804016,40630624,44285804,842402,310441
Succinic semialdehyde_Neg,86609,112811,352449,396929,126172,2293976,5817264,4300577,456140,3689759,466203,725301,8844993,460152,7628535,5755425,184757,83112,1197055,1106036,9938782,1138214,683194,2992866,4469660,849802,166143,4849170,8621572,488465,NA,7021077,4601851,382624,458198,482374,17270110208,17355372544,17198673920,2054401,1485427,1722290,848669,281910,1935326,177005,380826,2710940,135792,173825,367312,817663040,883823232,1156109312,498668640,466663360,600804544,443964,706283,524897792,NA,33105690624,46791008256,33777369088,46636126208,578281216,665842752
Sulfanilic Acid_Neg,13637,NA,16083,17010,28089,34764,NA,20782,306537,NA,32902,24698,NA,NA,NA,NA,NA,NA,20219,NA,NA,NA,NA,NA,17224,17146,151798,38995,19416,18298,53999,NA,20530,NA,NA,NA,51941580,48135528,50310528,14322,NA,150713,31083,NA,NA,NA,NA,NA,NA,50723,NA,2298131,2430585,3390735,1068115,1382552,1985045,NA,NA,1401780,2165064,100007816,172991632,101341088,168177296,1417251,2114429
Inosine_Neg,0,0,0,0,0,0,0,0,0,0,0,0,0,0,0,15138,0,0,0,0,68663,0,0,0,13861,0,0,NA,14714,NA,NA,137770,886920,NA,NA,NA,39631420,38048460,39843300,13128030,15612478,13668964,NA,NA,NA,0,37719,NA,397141,83831,412706,2850600,3185111,3387419,1363889,1537836,1661357,0,15754,1466736,1896037,73264376,105239040,80099736,115223552,1630158,1953342
Allopurinol_Neg,485395,205747,751907,1201448,549778,936326,675657,561471,812569,1235229,17882,1620485,188134,563367,536265,868262,280374,253769,37419,1507145,46105,401028,529962,1099214,995952,244129,470685,69907,320612,502705,429568,180954,1110157,597379,477567,590037,22058996,22883890,23691360,13755401,14471940,12780575,125483,381271,336412,589740,424714,515403,603600,83455,763989,2842002,3765309,3226776,1372684,1618088,2034015,NA,201787,1761164,934725,56161904,73720864,61737536,63302780,1389081,731639
Imidazoleacrylic Acid_Neg,566998,103668,427399,691784,3095467,973251,1177060,1187564,701060,391232,792376,2057704,141675,1477494,1133064,2353998,3970765,2442636,2002307,3396132,2850845,821593,1371579,1263462,1568818,1179691,1775974,852800,297476,1061300,4518492,4080044,3276680,138825,442965,1358665,46939736,46114612,45845648,39341568,41619216,34016728,440016,2000472,1281993,1699794,739825,892333,1301924,179570,540410,8807004,7602981,6581910,4736768,5145566,3589006,1024020,756849,5263210,2780841,125667168,121697952,129172712,103855912,5077143,2993022
4-Hydroxyisoleucine_Neg,NA,NA,NA,NA,NA,NA,NA,NA,NA,NA,NA,NA,NA,NA,NA,NA,NA,NA,13833,NA,NA,NA,NA,NA,NA,NA,NA,0,0,0,14388,59791,72138,0,0,0,12247726,12589386,12156215,7429289,8405895,7935985,0,0,0,0,0,0,0,0,0,1045308,815799,1289257,469960,491504,594058,NA,18956,610740,692823,15249163,29462730,14258823,28404228,450294,679243
Cysteinesulfinic acid_Neg,109883,136627,17339,17544,NA,NA,NA,19203,NA,13775,NA,12189,NA,NA,NA,16314,NA,19598,NA,NA,NA,NA,14639,13824,16793,NA,NA,0,0,0,0,0,0,0,0,0,11802396,11711616,11777485,14554,0,0,0,0,0,13614,0,0,0,0,0,447185,403914,478253,158207,124741,220137,0,0,347179,327838,26193380,22011288,18186962,22545672,234282,117958
Carnosine_Neg,0,0,0,0,0,0,0,0,0,0,0,0,0,0,0,0,0,17487,0,0,11297,0,0,0,0,0,65569,0,0,0,0,21669,199873,34200,0,0,44615812,48694368,52701264,21981404,26032742,19693136,0,0,0,12787,26799,0,16098,0,0,4192478,4461230,4717396,2096443,2276271,2289638,0,0,2208312,2516730,96508624,86278928,78139760,91979384,2225622,2679547
Anserine_Neg,28050,209583,113352,468440,827573,378696,161942,120558,521490,69020,556880,264269,24971,158394,104983,117599,719863,152182,110124,78006,157849,101013,59532,104992,119357,79003,76686,338306,159517,17448,72017,743633,339211,131050,200181,71717,26549434,33919880,37357000,11510150,15665614,9693899,125320,100097,122197,56668,27900,41913,68632,257968,6597,2689333,2319975,2115174,838335,1664731,1137607,251422,167503,1119050,1663394,77504640,74362400,59777748,78539912,1604131,1365278
N-Acetylmuramic acid_Neg,NA,NA,NA,NA,NA,NA,NA,NA,NA,NA,NA,NA,14332,NA,NA,NA,NA,19653,NA,NA,NA,NA,NA,NA,NA,NA,NA,31873,0,0,24383,0,16243,0,26292,0,69644240,64019724,67803976,0,0,0,0,35170,0,19704,119078,85114,213807,86757,21491,3329782,3835350,3729039,1525084,1692475,1483175,0,14476,1556590,1273171,134779856,128092016,90632944,127315312,1993416,2028569
Hypoxanthine_Neg,809352,303507,307731,528638,213285,275925,443222,168467,600784,188363,223535,429258,333587,546195,634187,319883,98040,497198,304721,354713,365863,104350,172303,56265,160432,302870,294770,131390,476863,1295105,303354,468145,460801,744378,188637,1063062,62856172,59504216,60654812,31091028,35340472,30102960,646365,512352,317128,461504,384129,445084,48216,885631,509863,5766816,5950101,7542944,3325435,4290390,4765888,206174,346019,3329471,4923288,111968712,101090016,87320728,106557360,3328413,5030828
Threonic acid_Neg,319239,426539,324263,517746,283246,187319,209147,516723,375718,146217,207532,411546,101829,111433,111995,68950,126860,462812,466598,436419,80892,455397,253902,235546,389910,74046,398445,240122,1021954,153388,1263010,697285,2433518,73741,978269,417166,178603808,180745232,171498400,2622277,3962497,2693194,1139644,492924,153724,859248,288698,349535,89444,52899,289957,13276418,11515300,10194328,7581492,6610731,5827321,299752800,277824480,294937568,266209536,207507,280979,8327136,5769434,8412581,7330956
Propionylglycine_Neg,103112,NA,NA,20210,38928,465135,195080,35125,463339,100049,168042,98503,33017,22688,54561,68362,167603,96805,31537,99148,199302,57411,36094,128554,115924,353730,86844,40107,27396,47660,40185,36435,15616,58019,72584,0,125320544,120536632,122086704,73119,49147,123968,36123,100527,69228,65712,141659,125774,196304,122483,183826,7502026,7398067,7278883,3823548,3874228,4055077,215636704,216699424,214189568,213542736,20971,0,4239839,3999367,4802648,4445348
Acetylglycine_Neg,352449,387457,179753,1556774,249087,295089,69375,75556,46857,231440,1744770,147870,261483,104199,119379,154335,174048,271633,1441210,98092,2187354,145202,52884,NA,2265460,1793515,245155,549245,215801,150060,537734,682398,795283,611610,356738,139784,52016864,49372636,50578568,332848,433353,464904,667570,592945,393061,168194,146218,135711,754597,66207,463991,3515334,4082742,2542140,2110520,2011994,2040681,74026896,92043656,71122440,90409824,628040,594602,2752836,2673523,2001618,1341903
Butyrylglycine_Neg,29474,NA,29548,18045,26870,23786,NA,NA,17761,77202,130156,39114,68948,35059,23848,NA,145666,18576,NA,NA,27550,NA,NA,36737,NA,NA,27629,38156,16446,0,69901,55590,14317,0,71134,13902,97422880,95789856,92211504,319425,480394,401328,67241,20427,52912,98956,116512,14876,159540,13386,205222,5326615,5235258,5258417,2897713,3523672,3718857,162010752,172602240,141638160,153675328,14394,0,3441511,3244101,3201982,3581200
Glutamylphenylalanine_Neg,0,0,0,0,0,27250,0,0,0,75527,67559,0,0,0,0,41964,0,0,0,0,0,42043,0,0,0,0,0,0,16250,15857,104263,983343,2505796,0,0,0,67356544,68664360,69023664,21061682,20236162,20709962,0,0,67114,0,97496,34972,63992,219329,102138,4334588,4797508,6196930,2124224,2390090,3020896,91660840,126030112,93581664,129291688,0,54861,2712679,3529992,2613708,3428923
Acetylglutamic acid_Neg,446715,229460,751045,121118,206933,301393,169961,391229,437858,240205,206125,391989,293987,239791,301310,221442,331009,323507,293477,78810,410797,294543,176690,233621,250841,245217,72573,256747,109372,697984,432304,104780,652828,55327,516749,290424,104327256,102945088,100963888,499561,718326,290129,352988,322149,162771,221387,54617,581746,687714,511759,359883,5412685,5921881,5456825,2944598,2558068,978170,172592624,178575104,173558272,175028960,537347,358472,3395078,4228290,3519134,1530766
